"Qubit","T1 (us)","T2 (us)","Readout assignment error","Prob meas0 prep1","Prob meas1 prep0","Readout length (ns)","ID error","Single-qubit gate length (ns)","RX error","Z-axis rotation (rz) error","âˆšx (sx) error","Pauli-X error","Gate length (ns)","CZ error","RZZ error","MEASURE error","Operational"
"0","54.83074808735066","46.889125237636094","0.46435546875","0.6611328125","0.267578125","1560","0.0026559707895801163","24","0.0026559707895801163","0","0.0026559707895801163","0.0026559707895801163","1:68","1:0.014754087019305279","1:0.013000849087328847","0.46435546875","Yes"
"1","221.5968310111571","230.3745689967551","0.475830078125","0.3369140625","0.61474609375","1560","0.0002821176513054351","24","0.0002821176513054351","0","0.0002821176513054351","0.0002821176513054351","2:68;0:68","2:0.0019955564525951652;0:0.014754087019305279","2:0.003552226383292084;0:0.013000849087328847","0.475830078125","Yes"
"2","263.9513542413012","160.62479608238166","0.49853515625","0.27392578125","0.72314453125","1560","0.0001926646268313995","24","0.0001926646268313995","0","0.0001926646268313995","0.0001926646268313995","1:68;3:68","1:0.0019955564525951652;3:0.0017420575392725346","1:0.003552226383292084;3:0.0017123310529423008","0.49853515625","Yes"
"3","201.66617010215157","212.08276572979656","0.4619140625","0.396484375","0.52734375","1560","0.0002227933703267034","24","0.0002227933703267034","0","0.0002227933703267034","0.0002227933703267034","16:68;2:68;4:68","16:0.0019288845563029955;2:0.0017420575392725346;4:0.002605657048761062","16:0.001985655036459838;2:0.0017123310529423008;4:0.0023268438971179584","0.4619140625","Yes"
"4","215.923641982616","149.06451262916505","0.008544921875","0.01318359375","0.00390625","1560","0.00020337341801364114","24","0.00020337341801364114","0","0.00020337341801364114","0.00020337341801364114","3:68;5:68","3:0.002605657048761062;5:0.0025837255088161093","3:0.0023268438971179584;5:0.005643084395596576","0.008544921875","Yes"
"5","216.17661875266828","104.61645729898467","0.006103515625","0.00634765625","0.005859375","1560","0.00023215516940214566","24","0.00023215516940214566","0","0.00023215516940214566","0.00023215516940214566","6:68;4:68","6:0.005527869840036587;4:0.0025837255088161093","6:0.015473552121050005;4:0.005643084395596576","0.006103515625","Yes"
"6","208.8282774074657","135.99099935225814","0.0068359375","0.0048828125","0.0087890625","1560","0.00030110811174462334","24","0.00030110811174462334","0","0.00030110811174462334","0.00030110811174462334","5:68;7:68","5:0.005527869840036587;7:0.004178738769975071","5:0.015473552121050005;7:0.003774775274441089","0.0068359375","Yes"
"7","124.29414059585933","42.81360770695915","0.016845703125","0.02392578125","0.009765625","1560","0.00031696857225242415","24","0.00031696857225242415","0","0.00031696857225242415","0.00031696857225242415","17:68;6:68;8:68","17:0.003653159377696391;6:0.004178738769975071;8:0.0035162886203244093","17:0.003710172502022907;6:0.003774775274441089;8:0.00580034080189723","0.016845703125","Yes"
"8","155.43424011840722","43.9219674341047","0.495849609375","0.4228515625","0.56884765625","1560","0.001416116637436647","24","0.001416116637436647","0","0.001416116637436647","0.001416116637436647","9:68;7:68","9:0.0028251421999526682;7:0.0035162886203244093","9:0.00710685077089937;7:0.00580034080189723","0.495849609375","Yes"
"9","256.72568370227157","28.488439774995864","0.502197265625","0.38623046875","0.6181640625","1560","0.00032143082569206777","24","0.00032143082569206777","0","0.00032143082569206777","0.00032143082569206777","8:68;10:68","8:0.0028251421999526682;10:0.0023489644948661847","8:0.00710685077089937;10:0.0020853520818699123","0.502197265625","Yes"
"10","264.1731196169907","151.06971217195658","0.502197265625","0.2763671875","0.72802734375","1560","0.00023778762806048013","24","0.00023778762806048013","0","0.00023778762806048013","0.00023778762806048013","9:68;11:68","9:0.0023489644948661847;11:0.006085423289750647","9:0.0020853520818699123;11:0.007330442084637678","0.502197265625","Yes"
"11","170.86360777998436","91.725533218205","0.469482421875","0.3798828125","0.55908203125","1560","0.0006281997475528369","24","0.0006281997475528369","0","0.0006281997475528369","0.0006281997475528369","18:68;10:68;12:68","18:0.014544667191172034;10:0.006085423289750647;12:0.004294405262891432","18:0.01682673851680544;10:0.007330442084637678;12:0.0050667607999204944","0.469482421875","Yes"
"12","58.11095652810862","58.60060964981653","0.4697265625","0.43408203125","0.50537109375","1560","0.0003955345311459065","24","0.0003955345311459065","0","0.0003955345311459065","0.0003955345311459065","13:68;11:68","13:0.004031817299691737;11:0.004294405262891432","13:0.004120375497904949;11:0.0050667607999204944","0.4697265625","Yes"
"13","359.28825569928415","218.65280439766224","0.44873046875","0.41943359375","0.47802734375","1560","0.00032045957564170763","24","0.00032045957564170763","0","0.00032045957564170763","0.00032045957564170763","12:68;14:68","12:0.004031817299691737;14:0.0017651989890472286","12:0.004120375497904949;14:0.005319470511617519","0.44873046875","Yes"
"14","251.75858743710617","82.61216973336975","0.505615234375","0.19091796875","0.8203125","1560","0.00022241822761430452","24","0.00022241822761430452","0","0.00022241822761430452","0.00022241822761430452","15:68;13:68","15:0.002245151815471913;13:0.0017651989890472286","15:0.0044908534394434985;13:0.005319470511617519","0.505615234375","Yes"
"15","405.05460451409937","193.17129097467227","0.440673828125","0.40380859375","0.4775390625","1560","0.00017349995163177701","24","0.00017349995163177701","0","0.00017349995163177701","0.00017349995163177701","14:68;19:68","14:0.002245151815471913;19:0.002324103682215667","14:0.0044908534394434985;19:0.001958641689128904","0.440673828125","Yes"
"16","169.98731301909035","146.2365573231614","0.493408203125","0.2548828125","0.73193359375","1560","0.0003917593362734014","24","0.0003917593362734014","0","0.0003917593362734014","0.0003917593362734014","23:68;3:68","23:0.002114221414402956;3:0.0019288845563029955","23:0.003425791323396127;3:0.001985655036459838","0.493408203125","Yes"
"17","157.84122764008487","28.969467124234438","0.004638671875","0.0068359375","0.00244140625","1560","0.0003521019467615371","24","0.0003521019467615371","0","0.0003521019467615371","0.0003521019467615371","7:68;27:68","7:0.003653159377696391;27:0.02571066823934451","7:0.003710172502022907;27:0.033503571989208975","0.004638671875","Yes"
"18","117.12991102710158","57.22163506542085","0.49755859375","0.3056640625","0.689453125","1560","0.0003928598978036785","24","0.0003928598978036785","0","0.0003928598978036785","0.0003928598978036785","11:68;31:68","11:0.014544667191172034;31:0.003645099034821242","11:0.01682673851680544;31:0.004454133237859176","0.49755859375","Yes"
"19","158.5926065851488","167.91024675586974","0.51318359375","0.2421875","0.7841796875","1560","0.000361902188246397","24","0.000361902188246397","0","0.000361902188246397","0.000361902188246397","35:68;15:68","35:0.001971816230666612;15:0.002324103682215667","35:0.002781983457193715;15:0.001958641689128904","0.51318359375","Yes"
"20","172.49478309432","183.23384504794922","0.507568359375","0.4833984375","0.53173828125","1560","0.00041263425180221313","24","0.00041263425180221313","0","0.00041263425180221313","0.00041263425180221313","21:68","21:0.005183914203371304","21:0.008003838709823047","0.507568359375","Yes"
"21","274.0107299746818","186.32179773663188","0.480224609375","0.52197265625","0.4384765625","1560","0.00015905409848824596","24","0.00015905409848824596","0","0.00015905409848824596","0.00015905409848824596","36:68;20:68;22:68","36:0.006357733676297661;20:0.005183914203371304;22:0.0031938386371632155","36:0.003261740210268982;20:0.008003838709823047;22:0.004379568926735133","0.480224609375","Yes"
"22","177.09188795402855","113.64870263645751","0.481689453125","0.4111328125","0.55224609375","1560","0.0002997326181937888","24","0.0002997326181937888","0","0.0002997326181937888","0.0002997326181937888","23:68;21:68","23:0.0018559802587689023;21:0.0031938386371632155","23:0.002842454303591313;21:0.004379568926735133","0.481689453125","Yes"
"23","191.11800348076451","160.94673155980433","0.471923828125","0.404296875","0.53955078125","1560","0.00014879070164155325","24","0.00014879070164155325","0","0.00014879070164155325","0.00014879070164155325","22:68;24:68;16:68","22:0.0018559802587689023;24:0.004140759135365046;16:0.002114221414402956","22:0.002842454303591313;24:0.003325493125015039;16:0.003425791323396127","0.471923828125","Yes"
"24","194.94790264486824","200.70969200620087","0.012451171875","0.02001953125","0.0048828125","1560","0.0009426638017387046","24","0.0009426638017387046","0","0.0009426638017387046","0.0009426638017387046","23:68;25:68","23:0.004140759135365046;25:0.029353869188788295","23:0.003325493125015039;25:0.018630626348335372","0.012451171875","Yes"
"25","179.7718515486968","128.2120023237202","0.00732421875","0.0107421875","0.00390625","1560","0.00016733085667564818","24","0.00016733085667564818","0","0.00016733085667564818","0.00016733085667564818","24:68;26:68;37:68","24:0.029353869188788295;26:0.0023710143176266796;37:0.007671204555484812","24:0.018630626348335372;26:0.002071198562630161;37:0.00391134244048541","0.00732421875","Yes"
"26","115.29528844632452","76.95954147466988","0.0078125","0.009765625","0.005859375","1560","0.00028194231366578283","24","0.00028194231366578283","0","0.00028194231366578283","0.00028194231366578283","25:68;27:68","25:0.0023710143176266796;27:0.034228954536008466","25:0.002071198562630161;27:0.11386372110097154","0.0078125","Yes"
"27","115.95312879348931","119.2765693870538","0.010498046875","0.0185546875","0.00244140625","1560","0.006089809674517227","24","0.006089809674517227","0","0.006089809674517227","0.006089809674517227","26:68;28:68;17:68","26:0.034228954536008466;17:0.02571066823934451","26:0.11386372110097154;28:0.06377715516588817;17:0.033503571989208975","0.010498046875","Yes"
"28","209.03499108333145","226.93727963169187","0.489990234375","0.4345703125","0.54541015625","1560","0.00019821569663273084","24","0.00019821569663273084","0","0.00019821569663273084","0.00019821569663273084","27:68;29:68","29:0.004368073115142562","27:0.06377715516588817;29:0.003007348763160528","0.489990234375","Yes"
"29","170.7852461233308","50.73445029822116","0.46142578125","0.4326171875","0.490234375","1560","0.00018332899671718144","24","0.00018332899671718144","0","0.00018332899671718144","0.00018332899671718144","38:68;28:68;30:68","38:0.001654168115616722;28:0.004368073115142562;30:0.002014543541952435","38:0.00475835470308128;28:0.003007348763160528;30:0.0025138497266406767","0.46142578125","Yes"
"30","166.31337066118357","125.19920240563992","0.500244140625","0.40234375","0.59814453125","1560","0.00011316606805108433","24","0.00011316606805108433","0","0.00011316606805108433","0.00011316606805108433","31:68;29:68","31:0.003055889144391727;29:0.002014543541952435","31:0.005029606315003959;29:0.0025138497266406767","0.500244140625","Yes"
"31","84.33489926691574","64.54147340761936","0.473388671875","0.3955078125","0.55126953125","1560","0.000517373985122426","24","0.000517373985122426","0","0.000517373985122426","0.000517373985122426","30:68;32:68;18:68","30:0.003055889144391727;32:0.05867036769494108;18:0.003645099034821242","30:0.005029606315003959;32:0.00782438544759051;18:0.004454133237859176","0.473388671875","Yes"
"32","127.60408987109233","111.99761610498226","0.4990234375","0.47314453125","0.52490234375","1560","0.00023504006234321666","24","0.00023504006234321666","0","0.00023504006234321666","0.00023504006234321666","31:68;33:68","31:0.05867036769494108","31:0.00782438544759051","0.4990234375","Yes"
"33","137.88068985762973","117.10200647349188","0.474853515625","0.431640625","0.51806640625","1560","0.000188073618379805","24","0.000188073618379805","0","0.000188073618379805","0.000188073618379805","39:68;32:68;34:68","39:0.0019116903422986553;34:0.0021346163124369433","39:0.0029030189995235545;34:0.00394641341309529","0.474853515625","Yes"
"34","175.1585658398642","75.21146413727462","0.48046875","0.35498046875","0.60595703125","1560","0.0005925756101209351","24","0.0005925756101209351","0","0.0005925756101209351","0.0005925756101209351","33:68;35:68","33:0.0021346163124369433;35:0.0021641459532792673","33:0.00394641341309529;35:0.004257880541938097","0.48046875","Yes"
"35","123.78426121927676","39.305930927213076","0.4736328125","0.4453125","0.501953125","1560","0.0002336810018186399","24","0.0002336810018186399","0","0.0002336810018186399","0.0002336810018186399","19:68;34:68","19:0.001971816230666612;34:0.0021641459532792673","19:0.002781983457193715;34:0.004257880541938097","0.4736328125","Yes"
"36","174.5076035182344","148.07212216848126","0.485595703125","0.3232421875","0.64794921875","1560","0.0003433913775560615","24","0.0003433913775560615","0","0.0003433913775560615","0.0003433913775560615","41:68;21:68","41:0.0017683887529998665;21:0.006357733676297661","41:0.003152810698129116;21:0.003261740210268982","0.485595703125","Yes"
"37","157.5146051365775","175.94362326113458","0.00634765625","0.00732421875","0.00537109375","1560","0.00029529015472176635","24","0.00029529015472176635","0","0.00029529015472176635","0.00029529015472176635","45:68;25:68","45:0.0019116831682604585;25:0.007671204555484812","45:0.003257974567055122;25:0.00391134244048541","0.00634765625","Yes"
"38","132.07227542549865","153.50800565357258","0.490478515625","0.43603515625","0.544921875","1560","0.00028549123747352806","24","0.00028549123747352806","0","0.00028549123747352806","0.00028549123747352806","29:68;49:68","29:0.001654168115616722;49:0.016029503118666022","29:0.00475835470308128;49:0.003054696378002819","0.490478515625","Yes"
"39","158.18961394036018","194.52135036584477","0.48876953125","0.44287109375","0.53466796875","1560","0.00042804807603274384","24","0.00042804807603274384","0","0.00042804807603274384","0.00042804807603274384","53:68;33:68","53:0.006726456919100121;33:0.0019116903422986553","53:0.006884684771050642;33:0.0029030189995235545","0.48876953125","Yes"
"40","160.4175309327596","159.84940857607572","0.494140625","0.4541015625","0.5341796875","1560","0.00021097525578631278","24","0.00021097525578631278","0","0.00021097525578631278","0.00021097525578631278","41:68","41:0.0016503016617069322","41:0.001951989428682771","0.494140625","Yes"
"41","247.46941565735804","148.2561169412574","0.50634765625","0.47412109375","0.53857421875","1560","0.00013338689174940385","24","0.00013338689174940385","0","0.00013338689174940385","0.00013338689174940385","40:68;42:68;36:68","40:0.0016503016617069322;42:0.004104314411238069;36:0.0017683887529998665","40:0.001951989428682771;42:0.009129982450389013;36:0.003152810698129116","0.50634765625","Yes"
"42","37.51057668951231","22.65419640241743","0.477294921875","0.30224609375","0.65234375","1560","0.0005887092277492367","24","0.0005887092277492367","0","0.0005887092277492367","0.0005887092277492367","41:68;43:68","41:0.004104314411238069;43:0.007563168274074994","41:0.009129982450389013;43:0.009679243534859161","0.477294921875","Yes"
"43","177.9843586442877","97.09389546925038","0.484130859375","0.36376953125","0.6044921875","1560","0.001067903400849331","24","0.001067903400849331","0","0.001067903400849331","0.001067903400849331","42:68;56:68;44:68","42:0.007563168274074994;56:0.005312040564360215;44:0.02387006311259815","42:0.009679243534859161;56:0.005922216142088266;44:0.04695210418212545","0.484130859375","Yes"
"44","165.44831604735128","163.17748768326223","0.496337890625","0.41552734375","0.5771484375","1560","0.0003504739058750611","24","0.0003504739058750611","0","0.0003504739058750611","0.0003504739058750611","45:68;43:68","45:0.0019177875821732304;43:0.02387006311259815","45:0.0032462226370417735;43:0.04695210418212545","0.496337890625","Yes"
"45","234.41485079646816","200.4082198770231","0.478515625","0.4677734375","0.4892578125","1560","0.00023460219692676235","24","0.00023460219692676235","0","0.00023460219692676235","0.00023460219692676235","44:68;46:68;37:68","44:0.0019177875821732304;46:0.002419279034971772;37:0.0019116831682604585","44:0.0032462226370417735;46:0.003973078845050215;37:0.003257974567055122","0.478515625","Yes"
"46","155.64436069320968","10.976272978299091","0.488525390625","0.29052734375","0.6865234375","1560","0.00041996757294669344","24","0.00041996757294669344","0","0.00041996757294669344","0.00041996757294669344","45:68;47:68","45:0.002419279034971772;47:0.0025738091806825625","45:0.003973078845050215;47:0.0034918694679121898","0.488525390625","Yes"
"47","108.36700611605221","53.35989668818273","0.468505859375","0.41162109375","0.525390625","1560","0.00024379092483643405","24","0.00024379092483643405","0","0.00024379092483643405","0.00024379092483643405","48:68;57:68;46:68","48:0.001770973564760664;57:0.006423496021263658;46:0.0025738091806825625","48:0.005549831729361632;57:0.0022327869721608384;46:0.0034918694679121898","0.468505859375","Yes"
"48","181.4579931763836","51.32635402124472","0.455322265625","0.3662109375","0.54443359375","1560","0.00023792028341236256","24","0.00023792028341236256","0","0.00023792028341236256","0.00023792028341236256","47:68;49:68","47:0.001770973564760664;49:0.0029180021331725037","47:0.005549831729361632;49:0.0025943033093135393","0.455322265625","Yes"
"49","155.4039107385698","30.60741504751048","0.501953125","0.431640625","0.572265625","1560","0.0020269060311236954","24","0.0020269060311236954","0","0.0020269060311236954","0.0020269060311236954","48:68;50:68;38:68","48:0.0029180021331725037;50:0.02269384120583684;38:0.016029503118666022","48:0.0025943033093135393;50:0.007228586290445316;38:0.003054696378002819","0.501953125","Yes"
"50","178.67633314006022","110.4892875888805","0.50927734375","0.14697265625","0.87158203125","1560","0.0003039610580666555","24","0.0003039610580666555","0","0.0003039610580666555","0.0003039610580666555","49:68;51:68","49:0.02269384120583684;51:0.0032853538418649297","49:0.007228586290445316;51:0.0024417513190787","0.50927734375","Yes"
"51","66.95248099075935","65.44538165311536","0.473388671875","0.35400390625","0.5927734375","1560","0.0002481152795491375","24","0.0002481152795491375","0","0.0002481152795491375","0.0002481152795491375","50:68;52:68;58:68","50:0.0032853538418649297;52:0.0021040629390748633;58:0.002627660788187991","50:0.0024417513190787;52:0.003444609270301352;58:0.002790548589904296","0.473388671875","Yes"
"52","123.34497603782218","99.66856357417802","0.499267578125","0.435546875","0.56298828125","1560","0.00036677163084602337","24","0.00036677163084602337","0","0.00036677163084602337","0.00036677163084602337","51:68;53:68","51:0.0021040629390748633;53:0.002981769243666027","51:0.003444609270301352;53:0.004898295012701198","0.499267578125","Yes"
"53","146.16531261630624","13.76058378466318","0.48486328125","0.42431640625","0.54541015625","1560","0.00017297013655327877","24","0.00017297013655327877","0","0.00017297013655327877","0.00017297013655327877","39:68;52:68;54:68","39:0.006726456919100121;52:0.002981769243666027;54:0.00509492363480582","39:0.006884684771050642;52:0.004898295012701198;54:0.003751752722164936","0.48486328125","Yes"
"54","143.99348790134357","162.26078921291074","0.479736328125","0.27587890625","0.68359375","1560","0.0006709144683271658","24","0.0006709144683271658","0","0.0006709144683271658","0.0006709144683271658","53:68;55:68","53:0.00509492363480582;55:0.002656648802108169","53:0.003751752722164936;55:0.002118638169515269","0.479736328125","Yes"
"55","192.1487655790422","164.39720034013249","0.417236328125","0.44775390625","0.38671875","1560","0.000355348865698785","24","0.000355348865698785","0","0.000355348865698785","0.000355348865698785","59:68;54:68","59:0.0023523905549629742;54:0.002656648802108169","59:0.012358552678675916;54:0.002118638169515269","0.417236328125","Yes"
"56","20.6293877985286","33.330999827812725","0.493408203125","0.27685546875","0.7099609375","1560","0.00030465658148283556","24","0.00030465658148283556","0","0.00030465658148283556","0.00030465658148283556","63:68;43:68","63:0.005061955563216203;43:0.005312040564360215","63:0.0043807671461478515;43:0.005922216142088266","0.493408203125","Yes"
"57","139.95267546696184","67.04360505122467","0.505126953125","0.35595703125","0.654296875","1560","0.0007107130701539059","24","0.0007107130701539059","0","0.0007107130701539059","0.0007107130701539059","47:68;67:68","47:0.006423496021263658;67:0.013003717478130311","47:0.0022327869721608384;67:0.004647176708702017","0.505126953125","Yes"
"58","110.62685270520937","104.68499743098776","0.520263671875","0.27587890625","0.7646484375","1560","0.0003385466649453575","24","0.0003385466649453575","0","0.0003385466649453575","0.0003385466649453575","71:68;51:68","71:0.002359681957729537;51:0.002627660788187991","71:0.003063772223725253;51:0.002790548589904296","0.520263671875","Yes"
"59","151.65329538377014","150.931771708962","0.49853515625","0.27001953125","0.72705078125","1560","0.0004179800348562061","24","0.0004179800348562061","0","0.0004179800348562061","0.0004179800348562061","55:68;75:68","55:0.0023523905549629742;75:0.0022823821197547334","55:0.012358552678675916;75:0.0032973773111551197","0.49853515625","Yes"
"60","167.33620502752132","39.731094557889804","0.487060546875","0.4970703125","0.47705078125","1560","0.0002474937884885696","24","0.0002474937884885696","0","0.0002474937884885696","0.0002474937884885696","61:68","61:0.001984399563779854","61:0.004763275960161545","0.487060546875","Yes"
"61","245.88189667356238","126.68139674219499","0.498779296875","0.49365234375","0.50390625","1560","0.00019009239951478263","24","0.00019009239951478263","0","0.00019009239951478263","0.00019009239951478263","76:68;60:68;62:68","76:0.002517969436946571;60:0.001984399563779854;62:0.0030092387524954523","76:0.0037582665665849;60:0.004763275960161545;62:0.007384003791526372","0.498779296875","Yes"
"62","142.49339192193543","38.48834582925436","0.474853515625","0.3896484375","0.56005859375","1560","0.00028025722262359074","24","0.00028025722262359074","0","0.00028025722262359074","0.00028025722262359074","61:68;63:68","61:0.0030092387524954523;63:0.0077151210377822965","61:0.007384003791526372;63:0.010372612405090964","0.474853515625","Yes"
"63","164.01244747160084","14.007444497526949","0.50244140625","0.41943359375","0.58544921875","1560","0.0005442573123838594","24","0.0005442573123838594","0","0.0005442573123838594","0.0005442573123838594","56:68;62:68;64:68","56:0.005061955563216203;62:0.0077151210377822965;64:0.044563165223763995","56:0.0043807671461478515;62:0.010372612405090964;64:0.048896784297942725","0.50244140625","Yes"
"64","153.921626686604","178.30004961747167","0.482421875","0.3828125","0.58203125","1560","0.00035578205414783646","24","0.00035578205414783646","0","0.00035578205414783646","0.00035578205414783646","65:68;63:68","65:0.002677296426924658;63:0.044563165223763995","65:0.004657466644677893;63:0.048896784297942725","0.482421875","Yes"
"65","158.34355320238578","104.19177376584136","0.49462890625","0.4970703125","0.4921875","1560","0.0005093812359327548","24","0.0005093812359327548","0","0.0005093812359327548","0.0005093812359327548","64:68;66:68;77:68","64:0.002677296426924658;66:0.0025340406375433944;77:0.0034917956691545016","64:0.004657466644677893;66:0.005302945537376036;77:0.0037708032694146187","0.49462890625","Yes"
"66","114.32642379031053","16.55216872163793","0.5048828125","0.40234375","0.607421875","1560","0.00027455231437316716","24","0.00027455231437316716","0","0.00027455231437316716","0.00027455231437316716","65:68;67:68","65:0.0025340406375433944;67:0.0031884426110939112","65:0.005302945537376036;67:0.003798123243630186","0.5048828125","Yes"
"67","167.6494182395423","56.81746734847789","0.49462890625","0.3994140625","0.58984375","1560","0.00041521582834032046","24","0.00041521582834032046","0","0.00041521582834032046","0.00041521582834032046","68:68;57:68;66:68","68:0.004774282722328882;57:0.013003717478130311;66:0.0031884426110939112","68:0.003195087896310761;57:0.004647176708702017;66:0.003798123243630186","0.49462890625","Yes"
"68","114.98638393851584","97.62508394940156","0.449462890625","0.3994140625","0.49951171875","1560","0.0007548451486132857","24","0.0007548451486132857","0","0.0007548451486132857","0.0007548451486132857","67:68;69:68","67:0.004774282722328882;69:0.004074773386878866","67:0.003195087896310761;69:0.003675180558167346","0.449462890625","Yes"
"69","174.25870968445656","90.27627202215662","0.494384765625","0.50439453125","0.484375","1560","0.00025980400416424694","24","0.00025980400416424694","0","0.00025980400416424694","0.00025980400416424694","78:68;68:68;70:68","78:0.0031099621911997166;68:0.004074773386878866;70:0.004452220246199318","78:0.0025700898449769194;68:0.003675180558167346;70:0.007481514810160572","0.494384765625","Yes"
"70","137.67721464946666","95.54385698763373","0.50537109375","0.36572265625","0.64501953125","1560","0.00027793408934567607","24","0.00027793408934567607","0","0.00027793408934567607","0.00027793408934567607","69:68;71:68","69:0.004452220246199318;71:0.0032163530370110938","69:0.007481514810160572;71:0.003727936374335078","0.50537109375","Yes"
"71","225.88048632853418","141.5486524059992","0.4833984375","0.310546875","0.65625","1560","0.00025457747802986946","24","0.00025457747802986946","0","0.00025457747802986946","0.00025457747802986946","72:68;58:68;70:68","58:0.002359681957729537;70:0.0032163530370110938","72:0.22733192209175193;58:0.003063772223725253;70:0.003727936374335078","0.4833984375","Yes"
"72","10.459335419923361","99.15649886504495","0.482666015625","0.3642578125","0.60107421875","1560","","24","","0","","","73:68;71:68","","73:0.053263326754075996;71:0.22733192209175193","0.482666015625","Yes"
"73","204.93377741788495","71.93389550420285","0.486083984375","0.431640625","0.54052734375","1560","0.00020452919206503332","24","0.00020452919206503332","0","0.00020452919206503332","0.00020452919206503332","72:68;74:68;79:68","74:0.002139000399839802;79:0.002328492820108885","72:0.053263326754075996;74:0.0025936108373551536;79:0.011732514811339911","0.486083984375","Yes"
"74","139.5204386941725","126.26871769244629","0.47705078125","0.31689453125","0.63720703125","1560","0.0005037483831756225","24","0.0005037483831756225","0","0.0005037483831756225","0.0005037483831756225","73:68;75:68","73:0.002139000399839802;75:0.002490910958886483","73:0.0025936108373551536;75:0.004962434167595009","0.47705078125","Yes"
"75","175.1636167638781","161.61917274114293","0.4775390625","0.43408203125","0.52099609375","1560","0.00039345534275077917","24","0.00039345534275077917","0","0.00039345534275077917","0.00039345534275077917","59:68;74:68","59:0.0022823821197547334;74:0.002490910958886483","59:0.0032973773111551197;74:0.004962434167595009","0.4775390625","Yes"
"76","156.34141065647964","88.36762955045411","0.4658203125","0.486328125","0.4453125","1560","0.00048713406122462695","24","0.00048713406122462695","0","0.00048713406122462695","0.00048713406122462695","81:68;61:68","81:0.0018243302247716864;61:0.002517969436946571","81:0.0030407458974100743;61:0.0037582665665849","0.4658203125","Yes"
"77","134.09487825402329","49.519092620601945","0.5078125","0.44287109375","0.57275390625","1560","0.0003039265008116583","24","0.0003039265008116583","0","0.0003039265008116583","0.0003039265008116583","85:68;65:68","85:0.004591963846369701;65:0.0034917956691545016","85:0.003122944423966101;65:0.0037708032694146187","0.5078125","Yes"
"78","112.63457518205223","98.39030659170616","0.48828125","0.45458984375","0.52197265625","1560","0.0003646953446285456","24","0.0003646953446285456","0","0.0003646953446285456","0.0003646953446285456","69:68;89:68","69:0.0031099621911997166;89:0.004634562082955762","69:0.0025700898449769194;89:0.0034574949905133157","0.48828125","Yes"
"79","119.90860276102502","51.75379109909541","0.49462890625","0.45458984375","0.53466796875","1560","0.00036059960019398937","24","0.00036059960019398937","0","0.00036059960019398937","0.00036059960019398937","93:68;73:68","93:0.0025330250314290204;73:0.002328492820108885","93:0.0028070309961201745;73:0.011732514811339911","0.49462890625","Yes"
"80","158.343303009515","154.388479967571","0.498291015625","0.44189453125","0.5546875","1560","0.00032025604657946976","24","0.00032025604657946976","0","0.00032025604657946976","0.00032025604657946976","81:68","81:0.0018446723916277497","81:0.0036292153679936823","0.498291015625","Yes"
"81","145.162679326653","22.282955477602393","0.451171875","0.43408203125","0.46826171875","1560","0.00016065052865073956","24","0.00016065052865073956","0","0.00016065052865073956","0.00016065052865073956","80:68;82:68;76:68","80:0.0018446723916277497;82:0.004142012872419887;76:0.0018243302247716864","80:0.0036292153679936823;82:0.0022663432143519846;76:0.0030407458974100743","0.451171875","Yes"
"82","132.30637220291626","32.4494600915907","0.51318359375","0.31982421875","0.70654296875","1560","0.00025787380160087795","24","0.00025787380160087795","0","0.00025787380160087795","0.00025787380160087795","81:68;83:68","81:0.004142012872419887;83:0.025078198681771025","81:0.0022663432143519846;83:0.0029997123097054157","0.51318359375","Yes"
"83","174.52320535007814","31.854067588339436","0.474853515625","0.4443359375","0.50537109375","1560","0.00018490865541465206","24","0.00018490865541465206","0","0.00018490865541465206","0.00018490865541465206","96:68;82:68;84:68","96:0.002410732651921932;82:0.025078198681771025;84:0.0031932289182692586","96:0.0032543329708325797;82:0.0029997123097054157;84:0.0027587450755011123","0.474853515625","Yes"
"84","169.18810988831777","123.26278083727777","0.488525390625","0.37353515625","0.603515625","1560","0.0002538263034869999","24","0.0002538263034869999","0","0.0002538263034869999","0.0002538263034869999","83:68;85:68","83:0.0031932289182692586;85:0.00432881593351811","83:0.0027587450755011123;85:0.0039526213606422556","0.488525390625","Yes"
"85","184.33586619545608","36.00770708066702","0.49755859375","0.38671875","0.6083984375","1560","0.00021070641404701522","24","0.00021070641404701522","0","0.00021070641404701522","0.00021070641404701522","77:68;86:68;84:68","77:0.004591963846369701;86:0.004079605737646819;84:0.00432881593351811","77:0.003122944423966101;86:0.0030239609646496024;84:0.0039526213606422556","0.49755859375","Yes"
"86","148.20588281547037","85.60554810528227","0.4921875","0.3115234375","0.6728515625","1560","0.000273205069934802","24","0.000273205069934802","0","0.000273205069934802","0.000273205069934802","85:68;87:68","85:0.004079605737646819;87:0.0020248364896296167","85:0.0030239609646496024;87:0.001992293540676038","0.4921875","Yes"
"87","188.72107572993048","237.07339458068154","0.451416015625","0.4052734375","0.49755859375","1560","0.00022710865140530587","24","0.00022710865140530587","0","0.00022710865140530587","0.00022710865140530587","86:68;88:68;97:68","86:0.0020248364896296167;88:0.002381653581063431;97:0.0025401878786876775","86:0.001992293540676038;88:0.0038864450905864156;97:0.0030528607554786424","0.451416015625","Yes"
"88","71.6492165982034","129.262914118643","0.494384765625","0.4169921875","0.57177734375","1560","0.0002506461303477707","24","0.0002506461303477707","0","0.0002506461303477707","0.0002506461303477707","87:68;89:68","87:0.002381653581063431;89:0.0033720244881039196","87:0.0038864450905864156;89:0.003076833845238852","0.494384765625","Yes"
"89","178.01158823364545","95.23679118620981","0.48974609375","0.39306640625","0.58642578125","1560","0.00040737198758707425","24","0.00040737198758707425","0","0.00040737198758707425","0.00040737198758707425","90:68;88:68;78:68","90:0.003777299615252805;88:0.0033720244881039196;78:0.004634562082955762","90:0.0038755839867910813;88:0.003076833845238852;78:0.0034574949905133157","0.48974609375","Yes"
"90","178.74652077799172","166.39691808209494","0.501953125","0.3115234375","0.6923828125","1560","0.00029995136551280315","24","0.00029995136551280315","0","0.00029995136551280315","0.00029995136551280315","89:68;91:68","89:0.003777299615252805;91:0.0025635646000023715","89:0.0038755839867910813;91:0.003932215908710762","0.501953125","Yes"
"91","151.51146674712547","18.51055826791622","0.4609375","0.36865234375","0.55322265625","1560","0.00020738581152516346","24","0.00020738581152516346","0","0.00020738581152516346","0.00020738581152516346","98:68;90:68;92:68","98:0.0016157549469257293;90:0.0025635646000023715;92:0.0018184594724116876","98:0.004531561863576394;90:0.003932215908710762;92:0.0023798741371977017","0.4609375","Yes"
"92","133.85263678963597","156.94200656733244","0.48291015625","0.45263671875","0.51318359375","1560","0.0004471393395658723","24","0.0004471393395658723","0","0.0004471393395658723","0.0004471393395658723","91:68;93:68","91:0.0018184594724116876;93:0.001639372687250007","91:0.0023798741371977017;93:0.004482682317861475","0.48291015625","Yes"
"93","163.6011253989216","160.455953820128","0.467529296875","0.43212890625","0.5029296875","1560","0.0004086141045873052","24","0.0004086141045873052","0","0.0004086141045873052","0.0004086141045873052","94:68;79:68;92:68","94:0.004137906043802958;79:0.0025330250314290204;92:0.001639372687250007","94:0.004748848499537717;79:0.0028070309961201745;92:0.004482682317861475","0.467529296875","Yes"
"94","152.1527467468537","51.31634232585804","0.498779296875","0.21923828125","0.7783203125","1560","0.0003499033168095497","24","0.0003499033168095497","0","0.0003499033168095497","0.0003499033168095497","93:68;95:68","93:0.004137906043802958;95:0.002384120247690885","93:0.004748848499537717;95:0.0030736249225296053","0.498779296875","Yes"
"95","165.73443625346295","166.44957270601745","0.444091796875","0.3798828125","0.50830078125","1560","0.0002371501884941512","24","0.0002371501884941512","0","0.0002371501884941512","0.0002371501884941512","99:68;94:68","99:0.0022765980209036862;94:0.002384120247690885","94:0.0030736249225296053","0.444091796875","Yes"
"96","93.7511614212068","86.60464778471326","0.50244140625","0.26416015625","0.74072265625","1560","0.0002703611643998143","24","0.0002703611643998143","0","0.0002703611643998143","0.0002703611643998143","83:68;103:68","83:0.002410732651921932;103:0.0022883294140292887","83:0.0032543329708325797;103:0.00428938885533342","0.50244140625","Yes"
"97","111.99578645494925","134.62219790585112","0.484130859375","0.3427734375","0.62548828125","1560","0.00048615381766865714","24","0.00048615381766865714","0","0.00048615381766865714","0.00048615381766865714","87:68;107:68","87:0.0025401878786876775;107:0.002051186479764211","87:0.0030528607554786424;107:0.0020507958069724275","0.484130859375","Yes"
"98","183.56295570439337","18.984037049349354","0.488037109375","0.3583984375","0.61767578125","1560","0.00018910478496322465","24","0.00018910478496322465","0","0.00018910478496322465","0.00018910478496322465","91:68;111:68","91:0.0016157549469257293;111:0.002946712164056009","91:0.004531561863576394;111:0.003745092712995446","0.488037109375","Yes"
"99","118.93034740893212","31.960810282042903","0.503662109375","0.32958984375","0.677734375","1560","0.00025037136893602327","24","0.00025037136893602327","0","0.00025037136893602327","0.00025037136893602327","115:68;95:68","115:0.0020287387976674065;95:0.0022765980209036862","","0.503662109375","Yes"
"100","172.8342319786761","23.377928132937093","0.498046875","0.4287109375","0.5673828125","1560","0.001875233676249875","24","0.001875233676249875","0","0.001875233676249875","0.001875233676249875","101:68","101:0.0036222679074012776","101:0.004820221673107472","0.498046875","Yes"
"101","208.98250728423156","192.6813781419072","0.489013671875","0.43603515625","0.5419921875","1560","0.00041886527185628996","24","0.00041886527185628996","0","0.00041886527185628996","0.00041886527185628996","100:68;116:68;102:68","100:0.0036222679074012776;116:0.0022456039375197134;102:0.0033447689688375637","100:0.004820221673107472;116:0.01650779266348751;102:0.005796019036857253","0.489013671875","Yes"
"102","175.42264601028813","86.85508860146544","0.487060546875","0.32470703125","0.6494140625","1560","0.00035886332981674624","24","0.00035886332981674624","0","0.00035886332981674624","0.00035886332981674624","101:68;103:88","101:0.0033447689688375637;103:0.0027046967714786097","101:0.005796019036857253;103:0.004795368951606621","0.487060546875","Yes"
"103","177.52783406288071","159.90511491277763","0.49462890625","0.40869140625","0.58056640625","1560","0.00017790910043900737","24","0.00017790910043900737","0","0.00017790910043900737","0.00017790910043900737","104:68;96:68;102:88","104:0.0018149904332042943;96:0.0022883294140292887;102:0.0027046967714786097","104:0.0031760589869157807;96:0.00428938885533342;102:0.004795368951606621","0.49462890625","Yes"
"104","99.28791919035744","96.09038354303966","0.5009765625","0.3837890625","0.6181640625","1560","0.0002320972259664037","24","0.0002320972259664037","0","0.0002320972259664037","0.0002320972259664037","103:68;105:68","103:0.0018149904332042943;105:0.0023743055581654515","103:0.0031760589869157807;105:0.0020231996469614877","0.5009765625","Yes"
"105","179.2411948306138","155.44828222119008","0.481201171875","0.40576171875","0.556640625","1560","0.00038645106987384483","24","0.00038645106987384483","0","0.00038645106987384483","0.00038645106987384483","104:68;106:68;117:68","104:0.0023743055581654515;106:0.0025455592170499364;117:0.002775244440259478","104:0.0020231996469614877;106:0.0028149945839352764;117:0.00253848179754515","0.481201171875","Yes"
"106","144.77648855265517","159.48570498612133","0.482421875","0.38916015625","0.57568359375","1560","0.00021606810695773057","24","0.00021606810695773057","0","0.00021606810695773057","0.00021606810695773057","107:68;105:68","107:0.0021403469727282465;105:0.0025455592170499364","107:0.003703839874493964;105:0.0028149945839352764","0.482421875","Yes"
"107","27.63759727185934","15.819785291414481","0.492431640625","0.35205078125","0.6328125","1560","0.00035886950662833547","24","0.00035886950662833547","0","0.00035886950662833547","0.00035886950662833547","106:68;108:68;97:68","106:0.0021403469727282465;108:0.0023068031297110714;97:0.002051186479764211","106:0.003703839874493964;108:0.0033018919796664326;97:0.0020507958069724275","0.492431640625","Yes"
"108","147.08389016233937","137.56479085714696","0.50341796875","0.40869140625","0.59814453125","1560","0.00031027730561204595","24","0.00031027730561204595","0","0.00031027730561204595","0.00031027730561204595","107:68;109:68","107:0.0023068031297110714;109:0.002308538750239786","107:0.0033018919796664326;109:0.006454106462021325","0.50341796875","Yes"
"109","184.16715936394502","73.46070765180107","0.488525390625","0.4052734375","0.57177734375","1560","0.0002998688362324123","24","0.0002998688362324123","0","0.0002998688362324123","0.0002998688362324123","108:68;110:68;118:68","108:0.002308538750239786;110:0.002892649509140449;118:0.0025949508684986466","108:0.006454106462021325;110:0.0027691871486186515;118:0.004521099003469697","0.488525390625","Yes"
"110","200.589917844501","123.23002940015928","0.486083984375","0.36083984375","0.611328125","1560","0.00022749690023223144","24","0.00022749690023223144","0","0.00022749690023223144","0.00022749690023223144","109:68;111:68","109:0.002892649509140449;111:0.003056016015355628","109:0.0027691871486186515;111:0.00239657325053369","0.486083984375","Yes"
"111","212.49697482414396","123.56865435473306","0.49658203125","0.416015625","0.5771484375","1560","0.00017945471006214608","24","0.00017945471006214608","0","0.00017945471006214608","0.00017945471006214608","112:68;110:68;98:68","112:0.004547750480548035;110:0.003056016015355628;98:0.002946712164056009","112:0.0024836270045503483;110:0.00239657325053369;98:0.003745092712995446","0.49658203125","Yes"
"112","151.94020488865138","122.82284478175326","0.494873046875","0.4375","0.55224609375","1560","0.00027693393820210047","24","0.00027693393820210047","0","0.00027693393820210047","0.00027693393820210047","111:68;113:68","111:0.004547750480548035;113:0.0026383222832437048","111:0.0024836270045503483;113:0.004122574768930326","0.494873046875","Yes"
"113","175.21678524949792","29.11595623276975","0.489013671875","0.4599609375","0.51806640625","1560","0.00020755893395673085","24","0.00020755893395673085","0","0.00020755893395673085","0.00020755893395673085","119:68;112:68;114:68","119:0.0031986830585211956;112:0.0026383222832437048;114:0.0029172090195804523","119:0.0026946297070816194;112:0.004122574768930326;114:0.0057419957008131295","0.489013671875","Yes"
"114","129.55756739020126","100.7039038428179","0.492919921875","0.283203125","0.70263671875","1560","0.00023484291823177376","24","0.00023484291823177376","0","0.00023484291823177376","0.00023484291823177376","115:68;113:68","115:0.002345418596902682;113:0.0029172090195804523","115:0.00370676646146359;113:0.0057419957008131295","0.492919921875","Yes"
"115","154.8730341704703","201.85489740560223","0.44580078125","0.384765625","0.5068359375","1560","0.00017144539996173547","24","0.00017144539996173547","0","0.00017144539996173547","0.00017144539996173547","99:68;114:68","99:0.0020287387976674065;114:0.002345418596902682","114:0.00370676646146359","0.44580078125","Yes"
"116","161.20743144699816","147.75497572830977","0.48876953125","0.408203125","0.5693359375","1560","0.00018111516748138337","24","0.00018111516748138337","0","0.00018111516748138337","0.00018111516748138337","101:68;121:68","101:0.0022456039375197134;121:0.0027924482139325413","101:0.01650779266348751;121:0.002160172728441212","0.48876953125","Yes"
"117","136.76736315781284","174.36330666544993","0.5048828125","0.47021484375","0.53955078125","1560","0.00026250187400302224","24","0.00026250187400302224","0","0.00026250187400302224","0.00026250187400302224","105:68;125:68","105:0.002775244440259478;125:0.002386146376285786","105:0.00253848179754515;125:0.0023525545849851504","0.5048828125","Yes"
"118","156.8472569400954","61.18019070393816","0.50732421875","0.32568359375","0.68896484375","1560","0.0002607081328569016","24","0.0002607081328569016","0","0.0002607081328569016","0.0002607081328569016","109:68;129:68","109:0.0025949508684986466;129:0.0026236140582256984","109:0.004521099003469697;129:0.0025461830236375715","0.50732421875","Yes"
"119","85.7660448278206","128.94282829087393","0.488525390625","0.51220703125","0.46484375","1560","0.0007723665187742511","24","0.0007723665187742511","0","0.0007723665187742511","0.0007723665187742511","113:68;133:68","113:0.0031986830585211956;133:0.0027977095421493903","113:0.0026946297070816194;133:0.0028013638547376984","0.488525390625","Yes"
"120","179.00701464725825","212.68250227413407","0.46240234375","0.40185546875","0.52294921875","1560","0.0002924222511598108","24","0.0002924222511598108","0","0.0002924222511598108","0.0002924222511598108","121:68","121:0.002428262301613915","121:0.003178893261052168","0.46240234375","Yes"
"121","218.85941978020514","146.19921689708832","0.465576171875","0.40283203125","0.5283203125","1560","0.00032196829208271295","24","0.00032196829208271295","0","0.00032196829208271295","0.00032196829208271295","120:68;122:68;116:68","120:0.002428262301613915;122:0.003842510058414794;116:0.0027924482139325413","120:0.003178893261052168;122:0.0037252547902957567;116:0.002160172728441212","0.465576171875","Yes"
"122","142.5344275154807","65.00055914081925","0.494384765625","0.26904296875","0.7197265625","1560","0.0005219497580778318","24","0.0005219497580778318","0","0.0005219497580778318","0.0005219497580778318","121:68;123:68","121:0.003842510058414794;123:0.0033130418890183755","121:0.0037252547902957567;123:0.004847034367245623","0.494384765625","Yes"
"123","160.4560689613808","144.11600494713161","0.44189453125","0.37939453125","0.50439453125","1560","0.0003323676689115017","24","0.0003323676689115017","0","0.0003323676689115017","0.0003323676689115017","136:68;124:68;122:68","136:0.0027497792029612944;124:0.0021004685667637413;122:0.0033130418890183755","136:0.002352882633159442;124:0.002178162233882258;122:0.004847034367245623","0.44189453125","Yes"
"124","93.29672457385227","85.85300104159171","0.470458984375","0.33056640625","0.6103515625","1560","0.00025571971717301787","24","0.00025571971717301787","0","0.00025571971717301787","0.00025571971717301787","123:68;125:68","123:0.0021004685667637413;125:0.003386125070270307","123:0.002178162233882258;125:0.00239518214684889","0.470458984375","Yes"
"125","197.77473453410622","57.36014772874652","0.47021484375","0.40185546875","0.53857421875","1560","0.0003090964585287641","24","0.0003090964585287641","0","0.0003090964585287641","0.0003090964585287641","117:68;124:68;126:68","117:0.002386146376285786;124:0.003386125070270307;126:0.004395934693656622","117:0.0023525545849851504;124:0.00239518214684889;126:0.003336813538178024","0.47021484375","Yes"
"126","47.79999691218518","51.88360621645147","0.492431640625","0.388671875","0.59619140625","1560","0.00037213939758489394","24","0.00037213939758489394","0","0.00037213939758489394","0.00037213939758489394","127:68;125:68","127:0.0021335805916458117;125:0.004395934693656622","127:0.002924861169359222;125:0.003336813538178024","0.492431640625","Yes"
"127","151.15466719971985","158.03272236508175","0.46826171875","0.4267578125","0.509765625","1560","0.00015142439447443892","24","0.00015142439447443892","0","0.00015142439447443892","0.00015142439447443892","126:68;128:68;137:68","126:0.0021335805916458117;128:0.0016552188649461008;137:0.002102332588878153","126:0.002924861169359222;128:0.0061540568494962145;137:0.001792472636166803","0.46826171875","Yes"
"128","136.14933873919688","53.45096301932711","0.45751953125","0.35791015625","0.55712890625","1560","0.000241721792832018","24","0.000241721792832018","0","0.000241721792832018","0.000241721792832018","127:68;129:68","127:0.0016552188649461008;129:0.0031256541729109133","127:0.0061540568494962145;129:0.0030528334176084804","0.45751953125","Yes"
"129","171.3634423602527","98.34213842924908","0.50146484375","0.31201171875","0.69091796875","1560","0.00018956289237345955","24","0.00018956289237345955","0","0.00018956289237345955","0.00018956289237345955","130:68;128:68;118:68","130:0.004549317780559892;128:0.0031256541729109133;118:0.0026236140582256984","130:0.0035294830155621626;128:0.0030528334176084804;118:0.0025461830236375715","0.50146484375","Yes"
"130","175.51007727113722","171.1005066996713","0.437744140625","0.29638671875","0.5791015625","1560","0.0005503192022512186","24","0.0005503192022512186","0","0.0005503192022512186","0.0005503192022512186","129:68;131:68","129:0.004549317780559892;131:0.0037578951174387365","129:0.0035294830155621626;131:0.0027541831911198356","0.437744140625","Yes"
"131","235.1824800649323","314.1092084440103","0.500732421875","0.43115234375","0.5703125","1560","0.0001205567206735057","24","0.0001205567206735057","0","0.0001205567206735057","0.0001205567206735057","138:68;130:68;132:68","138:0.004424679363496831;130:0.0037578951174387365;132:0.0016330328403598715","138:0.009603059689489962;130:0.0027541831911198356;132:0.002689674707838874","0.500732421875","Yes"
"132","222.30036106609094","274.67379722601004","0.46533203125","0.38525390625","0.54541015625","1560","0.0001792663962971069","24","0.0001792663962971069","0","0.0001792663962971069","0.0001792663962971069","133:68;131:68","133:0.0024529859814975408;131:0.0016330328403598715","133:0.0031919772731546225;131:0.002689674707838874","0.46533203125","Yes"
"133","168.10034675170655","41.05620388415303","0.49560546875","0.37158203125","0.61962890625","1560","0.00016034219604271036","24","0.00016034219604271036","0","0.00016034219604271036","0.00016034219604271036","132:68;134:68;119:68","132:0.0024529859814975408;134:0.002807722815650754;119:0.0027977095421493903","132:0.0031919772731546225;134:0.004220556846662921;119:0.0028013638547376984","0.49560546875","Yes"
"134","183.5119114046669","39.07686187808156","0.50927734375","0.23876953125","0.77978515625","1560","0.00036795546210955445","24","0.00036795546210955445","0","0.00036795546210955445","0.00036795546210955445","133:68;135:68","133:0.002807722815650754;135:0.0031201169034271448","133:0.004220556846662921;135:0.005928830384443834","0.50927734375","Yes"
"135","230.37606991779498","217.70772783251397","0.49169921875","0.408203125","0.5751953125","1560","0.0001383207781712237","24","0.0001383207781712237","0","0.0001383207781712237","0.0001383207781712237","134:68;139:68","134:0.0031201169034271448;139:0.004587494314835072","134:0.005928830384443834;139:0.005758649598036236","0.49169921875","Yes"
"136","144.50775135275882","126.89072960888087","0.49560546875","0.2724609375","0.71875","1560","0.0002230201484550842","24","0.0002230201484550842","0","0.0002230201484550842","0.0002230201484550842","123:68;143:68","123:0.0027497792029612944;143:0.007182250582256133","123:0.002352882633159442;143:0.0021290443428993444","0.49560546875","Yes"
"137","168.29210835517006","192.26390955486173","0.500244140625","0.376953125","0.62353515625","1560","0.00018871151470812404","24","0.00018871151470812404","0","0.00018871151470812404","0.00018871151470812404","147:68;127:68","147:0.002931788299510102;127:0.002102332588878153","147:0.003341568377874221;127:0.001792472636166803","0.500244140625","Yes"
"138","80.67210754791154","90.15598601762021","0.468994140625","0.380859375","0.55712890625","1560","0.00031653895648156143","24","0.00031653895648156143","0","0.00031653895648156143","0.00031653895648156143","151:68;131:68","151:0.005291317992362182;131:0.004424679363496831","151:0.005074695600736562;131:0.009603059689489962","0.468994140625","Yes"
"139","83.83112946228405","24.934697502816615","0.489013671875","0.2861328125","0.69189453125","1560","0.0005053386316393499","24","0.0005053386316393499","0","0.0005053386316393499","0.0005053386316393499","155:68;135:68","155:0.003781335107192668;135:0.004587494314835072","155:0.005427934421250669;135:0.005758649598036236","0.489013671875","Yes"
"140","127.17594492941726","202.7253274451398","0.471435546875","0.41796875","0.52490234375","1560","0.00026644766095643624","24","0.00026644766095643624","0","0.00026644766095643624","0.00026644766095643624","141:68","141:0.001458442024599299","141:0.0028269235243853774","0.471435546875","Yes"
"141","277.27210313564797","130.48245314302852","0.448974609375","0.40234375","0.49560546875","1560","0.00013397102454194005","24","0.00013397102454194005","0","0.00013397102454194005","0.00013397102454194005","140:68;142:68","140:0.001458442024599299;142:0.0020239138783819666","140:0.0028269235243853774;142:0.0022740402764463707","0.448974609375","Yes"
"142","189.10692855966482","226.46926233406631","0.502197265625","0.38525390625","0.619140625","1560","0.00021707867008413003","24","0.00021707867008413003","0","0.00021707867008413003","0.00021707867008413003","143:68;141:68","143:0.002051782743416164;141:0.0020239138783819666","143:0.002271359609670731;141:0.0022740402764463707","0.502197265625","Yes"
"143","174.13031017898328","174.46988406925226","0.4638671875","0.361328125","0.56640625","1560","0.0003547202681102022","24","0.0003547202681102022","0","0.0003547202681102022","0.0003547202681102022","142:68;144:68;136:68","142:0.002051782743416164;144:0.0021460949916204397;136:0.007182250582256133","142:0.002271359609670731;144:0.0026294508643538994;136:0.0021290443428993444","0.4638671875","Yes"
"144","193.75259762842015","222.44116663522928","0.498291015625","0.36083984375","0.6357421875","1560","0.00018445125945176628","24","0.00018445125945176628","0","0.00018445125945176628","0.00018445125945176628","145:68;143:68","145:0.001915818748054826;143:0.0021460949916204397","145:0.004011888729949703;143:0.0026294508643538994","0.498291015625","Yes"
"145","142.91402217391962","115.8919977079886","0.47021484375","0.3701171875","0.5703125","1560","0.00019363791408052463","24","0.00019363791408052463","0","0.00019363791408052463","0.00019363791408052463","144:68;146:68","144:0.001915818748054826;146:0.00222471127940041","144:0.004011888729949703;146:0.0027825870799039476","0.47021484375","Yes"
"146","145.8246503585039","30.419819039642412","0.506103515625","0.412109375","0.60009765625","1560","0.00018580293752114245","24","0.00018580293752114245","0","0.00018580293752114245","0.00018580293752114245","145:68;147:88","145:0.00222471127940041;147:0.0029696667705144675","145:0.0027825870799039476;147:0.0019497702449887966","0.506103515625","Yes"
"147","149.46974946804124","131.9599422695823","0.4970703125","0.3525390625","0.6416015625","1560","0.00040038325450659845","24","0.00040038325450659845","0","0.00040038325450659845","0.00040038325450659845","148:68;137:68;146:88","148:0.003123382589108936;137:0.002931788299510102;146:0.0029696667705144675","148:0.00501529364614281;137:0.003341568377874221;146:0.0019497702449887966","0.4970703125","Yes"
"148","94.85809645391704","96.01467689508142","0.482421875","0.45458984375","0.51025390625","1560","0.00034820394822392093","24","0.00034820394822392093","0","0.00034820394822392093","0.00034820394822392093","147:68;149:68","147:0.003123382589108936;149:0.012894259687630055","147:0.00501529364614281;149:0.017900575696972343","0.482421875","Yes"
"149","59.365020010744914","5.113701700754298","0.492431640625","0.37939453125","0.60546875","1560","0.0010296698945300416","24","0.0010296698945300416","0","0.0010296698945300416","0.0010296698945300416","150:68;148:68","150:0.011757702220142302;148:0.012894259687630055","150:0.018519907769070143;148:0.017900575696972343","0.492431640625","Yes"
"150","151.15516386940357","5.664074558676144","0.450439453125","0.35302734375","0.5478515625","1560","0.0007357169008233114","24","0.0007357169008233114","0","0.0007357169008233114","0.0007357169008233114","149:68;151:68","149:0.011757702220142302;151:0.006914856891497789","149:0.018519907769070143;151:0.00931734441014237","0.450439453125","Yes"
"151","108.18894278463696","123.99365855568048","0.512451171875","0.279296875","0.74560546875","1560","0.0002245524387136249","24","0.0002245524387136249","0","0.0002245524387136249","0.0002245524387136249","138:68;152:68;150:68","138:0.005291317992362182;152:0.0020725357621713125;150:0.006914856891497789","138:0.005074695600736562;152:0.002811332039160702;150:0.00931734441014237","0.512451171875","Yes"
"152","92.88924323011179","115.37117830028747","0.4853515625","0.4150390625","0.5556640625","1560","0.00028626399420130134","24","0.00028626399420130134","0","0.00028626399420130134","0.00028626399420130134","151:68;153:68","151:0.0020725357621713125;153:0.002758769863359628","151:0.002811332039160702;153:0.0030770425142259417","0.4853515625","Yes"
"153","192.94807690376226","55.37526481060042","0.462158203125","0.39453125","0.52978515625","1560","0.00020995888591518274","24","0.00020995888591518274","0","0.00020995888591518274","0.00020995888591518274","152:68;154:68","152:0.002758769863359628;154:0.0037388054807879767","152:0.0030770425142259417;154:0.00386280745041076","0.462158203125","Yes"
"154","182.32378098179746","110.09632719576517","0.490478515625","0.34912109375","0.6318359375","1560","0.00010390758554054226","24","0.00010390758554054226","0","0.00010390758554054226","0.00010390758554054226","153:68;155:68","153:0.0037388054807879767;155:0.0027090671307868908","153:0.00386280745041076;155:0.002932088743662492","0.490478515625","Yes"
"155","270.477724445891","13.23192128057271","0.464111328125","0.359375","0.56884765625","1560","0.00021812424949384622","24","0.00021812424949384622","0","0.00021812424949384622","0.00021812424949384622","139:68;154:68","139:0.003781335107192668;154:0.0027090671307868908","139:0.005427934421250669;154:0.002932088743662492","0.464111328125","Yes"