"Qubit","T1 (us)","T2 (us)","Readout assignment error","Prob meas0 prep1","Prob meas1 prep0","Readout length (ns)","ID error","Single-qubit gate length (ns)","RX error","Z-axis rotation (rz) error","âˆšx (sx) error","Pauli-X error","CZ error","Gate length (ns)","RZZ error","MEASURE error","Operational"
"0","161.82733281634913","250.26331412081305","0.1416015625","0.15283203125","0.13037109375","1560","0.00021023017527778268","32","0.00021023017527778268","0","0.00021023017527778268","0.00021023017527778268","15:0.0016798329530221812;1:0.0021463069070987717","15:68;1:68","15:0.0022966954414967433;1:0.002042523150225295","0.1416015625","Yes"
"1","276.37825458799233","197.5753311903759","0.0548095703125","0.035888671875","0.07373046875","1560","0.00023995993857161218","32","0.00023995993857161218","0","0.00023995993857161218","0.00023995993857161218","2:0.002094923537471427;0:0.0021463069070987717","2:68;0:68","2:0.0021982973995725297;0:0.002042523150225295","0.0548095703125","Yes"
"2","160.36446821918506","178.7069428162012","0.03369140625","0.048828125","0.0185546875","1560","0.00042982785446678235","32","0.00042982785446678235","0","0.00042982785446678235","0.00042982785446678235","1:0.002094923537471427;3:0.0015405506307937245","1:68;3:68","1:0.0021982973995725297;3:0.0019427647696992345","0.03369140625","Yes"
"3","221.73823548839385","166.10632615573675","0.0235595703125","0.020751953125","0.0263671875","1560","0.0002494010506426647","32","0.0002494010506426647","0","0.0002494010506426647","0.0002494010506426647","2:0.0015405506307937245;4:0.0017708435368269104","2:68;4:68","2:0.0019427647696992345;4:0.0018062720644193009","0.0235595703125","Yes"
"4","126.2527020382059","134.4971211183869","0.0382080078125","0.04541015625","0.031005859375","1560","0.00044559496766448023","32","0.00044559496766448023","0","0.00044559496766448023","0.00044559496766448023","3:0.0017708435368269104;5:0.002796535513616999;16:0.0024557666982926996","3:68;5:68;16:80","3:0.0018062720644193009;5:0.0024261962279721605;16:0.0025445483376242695","0.0382080078125","Yes"
"5","274.89054442353995","225.33739255623934","0.0301513671875","0.022705078125","0.03759765625","1560","0.0002295903930152296","32","0.0002295903930152296","0","0.0002295903930152296","0.0002295903930152296","6:0.002049083098187632;4:0.002796535513616999","6:68;4:68","6:0.0023979891432226452;4:0.0024261962279721605","0.0301513671875","Yes"
"6","43.69518364896241","65.05529065853301","0.01318359375","0.0302734375","0.001220703125","1560","0.0004777680194162352","32","0.0004777680194162352","0","0.0004777680194162352","0.0004777680194162352","5:0.002049083098187632;7:0.0027857670744259877","5:68;7:68","5:0.0023979891432226452;7:0.0030603137749813103","0.01318359375","Yes"
"7","236.61855856423642","95.80877870996483","0.0721435546875","0.0517578125","0.092529296875","1560","0.0007060633498370398","32","0.0007060633498370398","0","0.0007060633498370398","0.0007060633498370398","6:0.0027857670744259877;8:0.002259413214996897","6:68;8:68","6:0.0030603137749813103;8:0.0030943860873783036","0.0721435546875","Yes"
"8","239.47112140371746","220.00841398299292","0.0850830078125","0.060546875","0.109619140625","1560","0.00034662373982629767","32","0.00034662373982629767","0","0.00034662373982629767","0.00034662373982629767","9:0.002851364994662986;17:0.0025754512925998396;7:0.002259413214996897","9:68;17:108;7:68","9:0.0032118759518140194;17:0.002629412273492032;7:0.0030943860873783036","0.0850830078125","Yes"
"9","136.40832713462618","83.97899134989451","0.0233154296875","0.041748046875","0.0048828125","1560","0.00046225655753481056","32","0.00046225655753481056","0","0.00046225655753481056","0.00046225655753481056","8:0.002851364994662986;10:0.0022387635070111878","8:68;10:68","8:0.0032118759518140194;10:0.0029265739297500426","0.0233154296875","Yes"
"10","241.37041796929006","256.1283284874727","0.049072265625","0.0224609375","0.07568359375","1560","0.00028394644166892646","32","0.00028394644166892646","0","0.00028394644166892646","0.00028394644166892646","9:0.0022387635070111878;11:0.0035841053733257633","9:68;11:68","9:0.0029265739297500426;11:0.0026906782515956074","0.049072265625","Yes"
"11","130.43406158073878","125.99912117845942","0.0162353515625","0.02099609375","0.011474609375","1560","0.0003045304626247329","32","0.0003045304626247329","0","0.0003045304626247329","0.0003045304626247329","10:0.0035841053733257633;12:0.006189395418836535","10:68;12:68","10:0.0026906782515956074;12:0.004665511837688485","0.0162353515625","Yes"
"12","270.38704251654394","290.60470984594633","0.0213623046875","0.0146484375","0.028076171875","1560","0.00023530840068477555","32","0.00023530840068477555","0","0.00023530840068477555","0.00023530840068477555","18:0.001842284378086173;13:0.0021574511440249633;11:0.006189395418836535","18:68;13:68;11:68","18:0.0018440202057175559;13:0.0030005016030070497;11:0.004665511837688485","0.0213623046875","Yes"
"13","126.55989070550329","121.30397253059763","0.02783203125","0.02685546875","0.02880859375","1560","0.000296641064627135","32","0.000296641064627135","0","0.000296641064627135","0.000296641064627135","12:0.0021574511440249633;14:0.00178800112682459","12:68;14:68","12:0.0030005016030070497;14:0.001929723043536058","0.02783203125","Yes"
"14","299.4462756305084","140.45711995251506","0.0257568359375","0.0185546875","0.032958984375","1560","0.00018616360152947785","32","0.00018616360152947785","0","0.00018616360152947785","0.00018616360152947785","13:0.00178800112682459","13:68","13:0.001929723043536058","0.0257568359375","Yes"
"15","214.6101358449192","35.38746144707342","0.015380859375","0.026611328125","0.004150390625","1560","0.0007289853097059487","32","0.0007289853097059487","0","0.0007289853097059487","0.0007289853097059487","0:0.0016798329530221812;19:0.0038329966902191648","0:68;19:80","0:0.0022966954414967433;19:0.003884445359302352","0.015380859375","Yes"
"16","165.55413181301742","143.9564931777413","0.02587890625","0.020751953125","0.031005859375","1560","0.0003417855761590646","32","0.0003417855761590646","0","0.0003417855761590646","0.0003417855761590646","23:0.004380709484837764;4:0.0024557666982926996","23:184;4:80","23:0.0046629657143242575;4:0.0025445483376242695","0.02587890625","Yes"
"17","172.50565375772177","95.77716487510493","0.008544921875","0.010009765625","0.007080078125","1560","0.0004158024805479523","32","0.0004158024805479523","0","0.0004158024805479523","0.0004158024805479523","27:0.0030627790539315414;8:0.0025754512925998396","27:160;8:108","27:0.002804202695629282;8:0.002629412273492032","0.008544921875","Yes"
"18","233.11852911976308","218.62929764692547","0.0072021484375","0.008056640625","0.00634765625","1560","0.0003146427673152538","32","0.0003146427673152538","0","0.0003146427673152538","0.0003146427673152538","12:0.001842284378086173;31:0.013448293758688196","12:68;31:68","12:0.0018440202057175559;31:0.008485576595290478","0.0072021484375","Yes"
"19","140.17922609974178","187.41043150068546","0.055908203125","0.077392578125","0.034423828125","1560","0.0010669930139088368","32","0.0010669930139088368","0","0.0010669930139088368","0.0010669930139088368","20:0.004207570424712814;15:0.0038329966902191648","20:108;15:80","20:0.004964769788739415;15:0.003884445359302352","0.055908203125","Yes"
"20","213.2705685442385","116.25534917597571","0.0184326171875","0.020751953125","0.01611328125","1560","0.00024384435190288422","32","0.00024384435190288422","0","0.00024384435190288422","0.00024384435190288422","19:0.004207570424712814","19:108;21:68","19:0.004964769788739415","0.0184326171875","Yes"
"21","71.749092324417","20.780977390181143","0.0810546875","0.068603515625","0.093505859375","1560","0.00048544691320074874","32","0.00048544691320074874","0","0.00048544691320074874","0.00048544691320074874","34:0.00307601012226566;22:0.003070592633628466","34:68;20:68;22:68","34:0.002790711303544441","0.0810546875","Yes"
"22","65.57709833496621","84.41978053803129","0.034912109375","0.043701171875","0.026123046875","1560","0.00048807158506415025","32","0.00048807158506415025","0","0.00048807158506415025","0.00048807158506415025","23:0.003512931565403693;21:0.003070592633628466","23:68;21:68","23:0.0035593728805319025","0.034912109375","Yes"
"23","184.90129183033338","202.86767447441633","0.031494140625","0.09228515625","0.03173828125","1560","0.00014894629305949972","32","0.00014894629305949972","0","0.00014894629305949972","0.00014894629305949972","22:0.003512931565403693;24:0.0012076314502999785;16:0.004380709484837764","22:68;24:68;16:184","22:0.0035593728805319025;24:0.0013450575272994092;16:0.0046629657143242575","0.031494140625","Yes"
"24","144.5352286183652","144.63828918274254","0.0257568359375","0.013427734375","0.0380859375","1560","0.00047572878499711264","32","0.00047572878499711264","0","0.00047572878499711264","0.00047572878499711264","23:0.0012076314502999785;25:0.0019616268496439326","23:68;25:68","23:0.0013450575272994092;25:0.0017287235605354667","0.0257568359375","Yes"
"25","61.57905081192468","91.92142429875992","0.0902099609375","0.08935546875","0.091064453125","1560","0.0002509529414116848","32","0.0002509529414116848","0","0.0002509529414116848","0.0002509529414116848","24:0.0019616268496439326;26:0.00833780819742308;35:0.0021698110307209195","24:68;26:68;35:108","24:0.0017287235605354667;26:0.010027617822998769;35:0.002152130046370798","0.0902099609375","Yes"
"26","7.3051076934628805","9.345488487473588","0.04541015625","0.050048828125","0.040771484375","1560","0.0018541533028602498","32","0.0018541533028602498","0","0.0018541533028602498","0.0018541533028602498","25:0.00833780819742308;27:0.009090515886782474","25:68;27:68","25:0.010027617822998769;27:0.008537806204398063","0.04541015625","Yes"
"27","89.31913438759048","93.33036732693046","0.059814453125","0.04833984375","0.0712890625","1560","0.00015275668033994151","32","0.00015275668033994151","0","0.00015275668033994151","0.00015275668033994151","26:0.009090515886782474;28:0.002744807610989941;17:0.0030627790539315414","26:68;28:80;17:160","26:0.008537806204398063;28:0.002539875741781189;17:0.002804202695629282","0.059814453125","Yes"
"28","153.546062474905","158.99292204920386","0.056396484375","0.099853515625","0.012939453125","1560","0.0024546704165979245","32","0.0024546704165979245","0","0.0024546704165979245","0.0024546704165979245","27:0.002744807610989941;29:0.003413121874817432","27:80;29:116","27:0.002539875741781189;29:0.0036282140842746613","0.056396484375","Yes"
"29","159.1230167685701","95.31421528443522","0.024169921875","0.017578125","0.03076171875","1560","0.0005170475613529387","32","0.0005170475613529387","0","0.0005170475613529387","0.0005170475613529387","36:0.0020410096441008663;28:0.003413121874817432;30:0.0029433149044901796","36:68;28:116;30:68","36:0.002279622578868018;28:0.0036282140842746613;30:0.0025993419558605346","0.024169921875","Yes"
"30","218.45141476605522","144.5169545537871","0.0146484375","0.0068359375","0.0224609375","1560","0.00041290955107273794","32","0.00041290955107273794","0","0.00041290955107273794","0.00041290955107273794","31:0.0024526641887131218;29:0.0029433149044901796","31:68;29:68","31:0.0026844477678188705;29:0.0025993419558605346","0.0146484375","Yes"
"31","216.71041209447185","203.84408317813467","0.062255859375","0.04541015625","0.0791015625","1560","0.00019714043839161188","32","0.00019714043839161188","0","0.00019714043839161188","0.00019714043839161188","30:0.0024526641887131218;32:0.002797432515300846;18:0.013448293758688196","30:68;32:68;18:68","30:0.0026844477678188705;32:0.002172407744156696;18:0.008485576595290478","0.062255859375","Yes"
"32","219.01078793183697","42.581042706450326","0.0194091796875","0.0263671875","0.012451171875","1560","0.00032825792093016425","32","0.00032825792093016425","0","0.00032825792093016425","0.00032825792093016425","31:0.002797432515300846;33:0.0015873916150221656","31:68;33:68","31:0.002172407744156696;33:0.0017453153852015624","0.0194091796875","Yes"
"33","183.64740453184532","65.3881930283446","0.041259765625","0.026611328125","0.055908203125","1560","0.00020186514047757192","32","0.00020186514047757192","0","0.00020186514047757192","0.00020186514047757192","37:0.0026616033217493063;32:0.0015873916150221656","37:88;32:68","37:0.002591033878188709;32:0.0017453153852015624","0.041259765625","Yes"
"34","226.82593805356893","97.99669403490924","0.0379638671875","0.02734375","0.048583984375","1560","0.0004293796820793238","32","0.0004293796820793238","0","0.0004293796820793238","0.0004293796820793238","21:0.00307601012226566;40:0.00205758863668698","21:68;40:96","21:0.002790711303544441;40:0.0022051630189299787","0.0379638671875","Yes"
"35","62.36791605677718","63.245067560279146","0.01318359375","0.011474609375","0.014892578125","1560","0.0005112542683483112","32","0.0005112542683483112","0","0.0005112542683483112","0.0005112542683483112","25:0.0021698110307209195","44:108;25:108","25:0.002152130046370798","0.01318359375","Yes"
"36","95.3688048250291","121.7947209227852","0.005859375","0.007568359375","0.004150390625","1560","0.00035072918051566907","32","0.00035072918051566907","0","0.00035072918051566907","0.00035072918051566907","48:0.0013756302713540391;29:0.0020410096441008663","48:68;29:68","48:0.0017711696564149948;29:0.002279622578868018","0.005859375","Yes"
"37","125.19244562896637","90.74410838130134","0.00830078125","0.015625","0.0009765625","1560","0.0006660218694606695","32","0.0006660218694606695","0","0.0006660218694606695","0.0006660218694606695","33:0.0026616033217493063;52:0.0027253753597161756","33:88;52:104","33:0.002591033878188709;52:0.004065781726684703","0.00830078125","Yes"
"38","225.47305892645505","182.2084612669784","0.0767822265625","0.070068359375","0.08349609375","1560","0.0006929377818661975","32","0.0006929377818661975","0","0.0006929377818661975","0.0006929377818661975","39:0.0027147306900834334","53:68;39:68","39:0.002718717338086901","0.0767822265625","Yes"
"39","146.84153550275974","153.90704554904278","0.037353515625","0.025146484375","0.049560546875","1560","0.0003532901554552103","32","0.0003532901554552103","0","0.0003532901554552103","0.0003532901554552103","38:0.0027147306900834334;40:0.0018380703331017934","38:68;40:68","38:0.002718717338086901;40:0.0016048055426074181","0.037353515625","Yes"
"40","226.40087983919875","233.84182628006292","0.023681640625","0.01220703125","0.033935546875","1560","0.00016121869448826534","32","0.00016121869448826534","0","0.00016121869448826534","0.00016121869448826534","41:0.14975945916785866;34:0.00205758863668698;39:0.0018380703331017934","41:68;34:96;39:68","41:0.10652229313375036;34:0.0022051630189299787;39:0.0016048055426074181","0.023681640625","Yes"
"41","22.39891857852387","58.25057965828797","0.068359375","0.12646484375","0.01025390625","1560","0.04026995923738083","32","0.04026995923738083","0","0.04026995923738083","0.04026995923738083","40:0.14975945916785866;42:0.1309731955762494","40:68;42:68","40:0.10652229313375036;42:0.08022083193228635","0.068359375","Yes"
"42","182.89873578556444","131.95194384358865","0.121337890625","0.12060546875","0.1220703125","1560","0.0003587823172645702","32","0.0003587823172645702","0","0.0003587823172645702","0.0003587823172645702","41:0.1309731955762494;43:0.0023029770598002597;54:0.0024317178644108206","41:68;43:68;54:80","41:0.08022083193228635;43:0.0020928435721328797;54:0.0025125180833928396","0.121337890625","Yes"
"43","70.6235191076951","59.615894957540526","0.0098876953125","0.01171875","0.008056640625","1560","0.00021809954008387807","32","0.00021809954008387807","0","0.00021809954008387807","0.00021809954008387807","42:0.0023029770598002597;44:0.0015711287097509574","42:68;44:68","42:0.0020928435721328797;44:0.0015688527619379111","0.0098876953125","Yes"
"44","240.11247145764963","197.33652129461058","0.04296875","0.029052734375","0.056884765625","1560","0.00023154641113403676","32","0.00023154641113403676","0","0.00023154641113403676","0.00023154641113403676","45:0.0022701344659902256;43:0.0015711287097509574","45:68;35:108;43:68","45:0.0025719157632438094;43:0.0015688527619379111","0.04296875","Yes"
"45","53.16918864743887","67.29454460037567","0.008056640625","0.010498046875","0.005615234375","1560","0.0003622119099733403","32","0.0003622119099733403","0","0.0003622119099733403","0.0003622119099733403","44:0.0022701344659902256;46:0.0026138391249897752","44:68;46:68","44:0.0025719157632438094;46:0.0024695681607682374","0.008056640625","Yes"
"46","228.17488855777142","166.55337563037338","0.0382080078125","0.04345703125","0.032958984375","1560","0.00027062630202746613","32","0.00027062630202746613","0","0.00027062630202746613","0.00027062630202746613","45:0.0026138391249897752;47:0.0033880531892413746;55:0.0017007699863618164","45:68;47:68;55:68","45:0.0024695681607682374;47:0.002798261227613036;55:0.0020120852804768052","0.0382080078125","Yes"
"47","168.9936163703389","34.818804552608306","0.0177001953125","0.032958984375","0.00244140625","1560","0.0011787704171311575","32","0.0011787704171311575","0","0.0011787704171311575","0.0011787704171311575","48:0.003895120742699626;46:0.0033880531892413746","48:68;46:68","48:0.00267212848116824;46:0.002798261227613036","0.0177001953125","Yes"
"48","193.63484010029117","209.42768765461537","0.035888671875","0.025146484375","0.046630859375","1560","0.0004833050889569699","32","0.0004833050889569699","0","0.0004833050889569699","0.0004833050889569699","36:0.0013756302713540391;47:0.003895120742699626;49:0.0019611004040893665","36:68;47:68;49:68","36:0.0017711696564149948;47:0.00267212848116824;49:0.0016558661999768465","0.035888671875","Yes"
"49","248.12848971447212","128.2057882976907","0.017822265625","0.016845703125","0.018798828125","1560","0.00015840793789883464","32","0.00015840793789883464","0","0.00015840793789883464","0.00015840793789883464","48:0.0019611004040893665;50:0.001580792816827381","48:68;50:68","48:0.0016558661999768465;50:0.0018516706723714915","0.017822265625","Yes"
"50","197.38705210861846","154.3678305613819","0.0823974609375","0.071533203125","0.09326171875","1560","0.0005167035665227712","32","0.0005167035665227712","0","0.0005167035665227712","0.0005167035665227712","56:0.0024554959661259312;49:0.001580792816827381;51:0.00195780159695616","56:68;49:68;51:68","56:0.0018053537027221955;49:0.0018516706723714915;51:0.0020747025045599055","0.0823974609375","Yes"
"51","206.6968147208376","146.25403711296144","0.009033203125","0.007080078125","0.010986328125","1560","0.0002802968359790335","32","0.0002802968359790335","0","0.0002802968359790335","0.0002802968359790335","50:0.00195780159695616;52:0.001768538552868043","50:68;52:68","50:0.0020747025045599055;52:0.0015106548259414543","0.009033203125","Yes"
"52","112.24766275826252","163.6063941728735","0.0191650390625","0.00927734375","0.029052734375","1560","0.00016145886542898605","32","0.00016145886542898605","0","0.00016145886542898605","0.00016145886542898605","51:0.001768538552868043;37:0.0027253753597161756","51:68;37:104","51:0.0015106548259414543;37:0.004065781726684703","0.0191650390625","Yes"
"53","22.368561299607723","62.413003713541706","0.438232421875","0.86328125","0.01318359375","1560","","32","","0","","","","38:68;57:108","","0.438232421875","Yes"
"54","205.1971431188944","128.32504925467015","0.029052734375","0.01171875","0.04638671875","1560","0.00023977947665637585","32","0.00023977947665637585","0","0.00023977947665637585","0.00023977947665637585","42:0.0024317178644108206;61:0.007280886993895813","42:80;61:152","42:0.0025125180833928396;61:0.00427071032145232","0.029052734375","Yes"
"55","228.37419287420065","138.0800487073991","0.0084228515625","0.009521484375","0.00732421875","1560","0.00024113973781375217","32","0.00024113973781375217","0","0.00024113973781375217","0.00024113973781375217","65:0.003011124971936757;46:0.0017007699863618164","65:120;46:68","65:0.0039011126613175684;46:0.0020120852804768052","0.0084228515625","Yes"
"56","224.12499719330881","154.2741231386323","0.0135498046875","0.010986328125","0.01611328125","1560","0.00017931492988094834","32","0.00017931492988094834","0","0.00017931492988094834","0.00017931492988094834","50:0.0024554959661259312;69:0.003235920736171516","50:68;69:160","50:0.0018053537027221955;69:0.00298485813089569","0.0135498046875","Yes"
"57","145.16637291174973","260.91374471492173","0.0355224609375","0.01904296875","0.05126953125","1560","0.0003953164646805245","32","0.0003953164646805245","0","0.0003953164646805245","0.0003953164646805245","58:0.0024040150755814116","53:108;58:68","58:0.0019606242518615535","0.0355224609375","Yes"
"58","140.94986267294087","167.96456117193256","0.0159912109375","0.017578125","0.014404296875","1560","0.000278666876806748","32","0.000278666876806748","0","0.000278666876806748","0.000278666876806748","57:0.0024040150755814116;59:0.005161220340603401","57:68;59:68","57:0.0019606242518615535;59:0.003588774996408889","0.0159912109375","Yes"
"59","152.52235308438756","137.057532168787","0.0418701171875","0.049072265625","0.03466796875","1560","0.0004062067053009525","32","0.0004062067053009525","0","0.0004062067053009525","0.0004062067053009525","72:0.006798848604574331;58:0.005161220340603401;60:0.0039058956739737583","72:68;58:68;60:68","72:0.003930033983798625;58:0.003588774996408889;60:0.003566875398531427","0.0418701171875","Yes"
"60","230.90207032500106","187.25446077028596","0.009033203125","0.0078125","0.01025390625","1560","0.00020025532303080522","32","0.00020025532303080522","0","0.00020025532303080522","0.00020025532303080522","61:0.0019424083744300213;59:0.0039058956739737583","61:68;59:68","61:0.0018288241424725682;59:0.003566875398531427","0.009033203125","Yes"
"61","204.2669800617468","209.20493808067752","0.0150146484375","0.01123046875","0.018798828125","1560","0.00019378183945190747","32","0.00019378183945190747","0","0.00019378183945190747","0.00019378183945190747","60:0.0019424083744300213;62:0.0016185730182418645;54:0.007280886993895813","60:68;62:68;54:152","60:0.0018288241424725682;62:0.0020066513814454845;54:0.00427071032145232","0.0150146484375","Yes"
"62","128.8085716459092","107.81999084265016","0.012939453125","0.01611328125","0.009765625","1560","0.0002527045416928429","32","0.0002527045416928429","0","0.0002527045416928429","0.0002527045416928429","61:0.0016185730182418645;63:0.003228447929322781","61:68;63:164","61:0.0020066513814454845;63:0.003331641301407451","0.012939453125","Yes"
"63","137.05511552231994","103.29940199923122","0.0419921875","0.05078125","0.033203125","1560","0.0004943187552636336","32","0.0004943187552636336","0","0.0004943187552636336","0.0004943187552636336","62:0.003228447929322781;64:0.0023787920232575532;73:0.0027237959830817005","62:164;64:68;73:88","62:0.003331641301407451;64:0.002418600480234623;73:0.002663236681464537","0.0419921875","Yes"
"64","211.3323750156454","142.61170792826633","0.06298828125","0.064208984375","0.061767578125","1560","0.0002608034741058674","32","0.0002608034741058674","0","0.0002608034741058674","0.0002608034741058674","65:0.00220267583653877;63:0.0023787920232575532","65:68;63:68","65:0.0019375292246632259;63:0.002418600480234623","0.06298828125","Yes"
"65","173.8761617615682","154.56649036469076","0.014404296875","0.018310546875","0.010498046875","1560","0.0002666118729810545","32","0.0002666118729810545","0","0.0002666118729810545","0.0002666118729810545","55:0.003011124971936757;64:0.00220267583653877;66:0.001997066161978922","55:120;64:68;66:68","55:0.0039011126613175684;64:0.0019375292246632259;66:0.00178556673250721","0.014404296875","Yes"
"66","200.66735939142967","208.78651467628987","0.0068359375","0.009765625","0.00390625","1560","0.00031762906211303465","32","0.00031762906211303465","0","0.00031762906211303465","0.00031762906211303465","65:0.001997066161978922;67:0.0017307069412960119","65:68;67:68","65:0.00178556673250721;67:0.0016798997255375314","0.0068359375","Yes"
"67","187.41691170423138","151.64375789089243","0.0362548828125","0.041015625","0.031494140625","1560","0.0005928912627858953","32","0.0005928912627858953","0","0.0005928912627858953","0.0005928912627858953","68:0.0022382973346458113;74:0.0017895471249158024;66:0.0017307069412960119","68:88;74:72;66:68","68:0.002327054908439735;74:0.0014350880136110578;66:0.0016798997255375314","0.0362548828125","Yes"
"68","163.81535667456376","81.34112451482562","0.00927734375","0.006591796875","0.011962890625","1560","0.0003732974306667588","32","0.0003732974306667588","0","0.0003732974306667588","0.0003732974306667588","67:0.0022382973346458113;69:0.0024947913090801466","67:88;69:68","67:0.002327054908439735;69:0.0025075022872382557","0.00927734375","Yes"
"69","159.04750958726328","77.50596833993926","0.040283203125","0.040283203125","0.040283203125","1560","0.0002669556580577678","32","0.0002669556580577678","0","0.0002669556580577678","0.0002669556580577678","56:0.003235920736171516;68:0.0024947913090801466;70:0.0034656536362657475","56:160;68:68;70:68","56:0.00298485813089569;68:0.0025075022872382557;70:0.003392563927735265","0.040283203125","Yes"
"70","70.51903187655444","28.751336869937703","0.04833984375","0.03759765625","0.05908203125","1560","0.0008679909534594051","32","0.0008679909534594051","0","0.0008679909534594051","0.0008679909534594051","69:0.0034656536362657475;71:0.0035755179239320145","69:68;71:68","69:0.003392563927735265;71:0.0031744407139523423","0.04833984375","Yes"
"71","197.14463376728943","38.68063663552895","0.04296875","0.042236328125","0.043701171875","1560","0.00042457381576644114","32","0.00042457381576644114","0","0.00042457381576644114","0.00042457381576644114","75:0.0027234610912674206;70:0.0035755179239320145","75:112;70:68","75:0.002208021450683356;70:0.0031744407139523423","0.04296875","Yes"
"72","203.85935315038265","86.87319765858925","0.01220703125","0.007568359375","0.016845703125","1560","0.0006392422942953577","32","0.0006392422942953577","0","0.0006392422942953577","0.0006392422942953577","59:0.006798848604574331;78:0.0031589093425081483","59:68;78:120","59:0.003930033983798625;78:0.003177724462769038","0.01220703125","Yes"
"73","176.85797383125356","89.32918742802481","0.0240478515625","0.01806640625","0.030029296875","1560","0.0005247097649893746","32","0.0005247097649893746","0","0.0005247097649893746","0.0005247097649893746","82:0.0018151921175858232;63:0.0027237959830817005","82:88;63:88","82:0.0019695015052314524;63:0.002663236681464537","0.0240478515625","Yes"
"74","250.01877553737083","138.56963680113526","0.012451171875","0.01025390625","0.015869140625","1560","0.00022315010522540546","32","0.00022315010522540546","0","0.00022315010522540546","0.00022315010522540546","86:0.0018727128785243352;67:0.0017895471249158024","86:68;67:72","86:0.0012918387492336647;67:0.0014350880136110578","0.012451171875","Yes"
"75","249.75591361348424","128.92226619774408","0.01171875","0.01318359375","0.01025390625","1560","0.00043154496142579153","32","0.00043154496142579153","0","0.00043154496142579153","0.00043154496142579153","90:0.001472378346472153;71:0.0027234610912674206","90:88;71:112","90:0.002038229990123208;71:0.002208021450683356","0.01171875","Yes"
"76","257.15691801723256","275.96741709691025","0.0303955078125","0.015869140625","0.044921875","1560","0.0002691435192983233","32","0.0002691435192983233","0","0.0002691435192983233","0.0002691435192983233","91:0.007266567128140056;77:0.00276874085587811","91:68;77:68","91:0.004609102639568513;77:0.0029069922380261792","0.0303955078125","Yes"
"77","266.3175727144643","198.7576650925845","0.031494140625","0.025146484375","0.037841796875","1560","0.00028044011673474163","32","0.00028044011673474163","0","0.00028044011673474163","0.00028044011673474163","78:0.0020860964631570222;76:0.00276874085587811","78:68;76:68","78:0.0015913188472763962;76:0.0029069922380261792","0.031494140625","Yes"
"78","118.73823452041357","125.7242410012815","0.0506591796875","0.0625","0.038818359375","1560","0.000475129497739827","32","0.000475129497739827","0","0.000475129497739827","0.000475129497739827","77:0.0020860964631570222;79:0.01242156314943657;72:0.0031589093425081483","77:68;79:88;72:120","77:0.0015913188472763962;79:0.007416626935340231;72:0.003177724462769038","0.0506591796875","Yes"
"79","72.48800447621973","85.6393875498379","0.0400390625","0.07421875","0.005859375","1560","0.003352203054653893","32","0.003352203054653893","0","0.003352203054653893","0.003352203054653893","78:0.01242156314943657;80:0.00956103429576255","78:88;80:68","78:0.007416626935340231;80:0.0065425183740510096","0.0400390625","Yes"
"80","181.4464520805503","26.165880032514973","0.0224609375","0.02099609375","0.02392578125","1560","0.00020905102733659648","32","0.00020905102733659648","0","0.00020905102733659648","0.00020905102733659648","81:0.002619238712161659;92:0.0016853209435516991;79:0.00956103429576255","81:68;92:68;79:68","81:0.002066111482727395;92:0.001494974015639472;79:0.0065425183740510096","0.0224609375","Yes"
"81","210.52094655121635","150.46118851354888","0.00830078125","0.005126953125","0.011474609375","1560","0.00030859873440549214","32","0.00030859873440549214","0","0.00030859873440549214","0.00030859873440549214","80:0.002619238712161659;82:0.0020315899583497887","80:68;82:68","80:0.002066111482727395;82:0.001754654264126243","0.00830078125","Yes"
"82","264.489428443311","128.42044793576218","0.0692138671875","0.06005859375","0.078369140625","1560","0.000335885897592328","32","0.000335885897592328","0","0.000335885897592328","0.000335885897592328","81:0.0020315899583497887;83:0.002707386852833865;73:0.0018151921175858232","81:68;83:68;73:88","81:0.001754654264126243;83:0.015300315045278429;73:0.0019695015052314524","0.0692138671875","Yes"
"83","123.79952135358538","94.53732839315134","0.01904296875","0.010009765625","0.028076171875","1560","0.0002868202869491187","32","0.0002868202869491187","0","0.0002868202869491187","0.0002868202869491187","82:0.002707386852833865;84:0.003506714761731089","82:68;84:108","82:0.015300315045278429;84:0.004026166877655141","0.01904296875","Yes"
"84","201.9898454486162","122.45236529418663","0.0667724609375","0.0703125","0.063232421875","1560","0.0007057883941499855","32","0.0007057883941499855","0","0.0007057883941499855","0.0007057883941499855","93:0.004837044597237383;83:0.003506714761731089;85:0.08065541984473695","93:68;83:108;85:88","93:0.004405309735387469;83:0.004026166877655141;85:0.0365579340310358","0.0667724609375","Yes"
"85","3.5159079668542064","6.496158887251028","0.0350341796875","0.05615234375","0.013916015625","1560","0.0033054054136509763","32","0.0033054054136509763","0","0.0033054054136509763","0.0033054054136509763","86:0.029595337249224002;84:0.08065541984473695","86:68;84:88","86:0.025857449714010577;84:0.0365579340310358","0.0350341796875","Yes"
"86","144.6703639731249","127.86051093601414","0.2308349609375","0.419189453125","0.04248046875","1560","0.00022576302700666177","32","0.00022576302700666177","0","0.00022576302700666177","0.00022576302700666177","85:0.029595337249224002;74:0.0018727128785243352;87:0.002147198410029","85:68;74:68;87:68","85:0.025857449714010577;74:0.0012918387492336647;87:0.001934774674516332","0.2308349609375","Yes"
"87","165.99175169941907","181.58273915489372","0.005615234375","0.00537109375","0.005859375","1560","0.00018402866239714246","32","0.00018402866239714246","0","0.00018402866239714246","0.00018402866239714246","86:0.002147198410029;88:0.00914127894084224","86:68;88:68","86:0.001934774674516332;88:0.008325236972285877","0.005615234375","Yes"
"88","161.7899637087217","164.41981086326635","0.1190185546875","0.10546875","0.132568359375","1560","0.0010011424349111592","32","0.0010011424349111592","0","0.0010011424349111592","0.0010011424349111592","94:0.009851039868405048;87:0.00914127894084224;89:0.00846652074764248","94:76;87:68;89:68","94:0.009904176459600567;87:0.008325236972285877;89:0.009123885887553779","0.1190185546875","Yes"
"89","200.333433832456","150.02083244091753","0.0733642578125","0.06298828125","0.083740234375","1560","0.00028003266740383255","32","0.00028003266740383255","0","0.00028003266740383255","0.00028003266740383255","90:0.0021355446382133603;88:0.00846652074764248","90:68;88:68","90:0.0021642068568388795;88:0.009123885887553779","0.0733642578125","Yes"
"90","236.8824796698012","223.5694014744928","0.031494140625","0.018798828125","0.044189453125","1560","0.0002934530995662053","32","0.0002934530995662053","0","0.0002934530995662053","0.0002934530995662053","75:0.001472378346472153;89:0.0021355446382133603","75:88;89:68","75:0.002038229990123208;89:0.0021642068568388795","0.031494140625","Yes"
"91","145.80122161250614","90.2545812346032","0.0103759765625","0.00634765625","0.009521484375","1560","0.0003788062921967107","32","0.0003788062921967107","0","0.0003788062921967107","0.0003788062921967107","95:0.003546669381641332;76:0.007266567128140056","95:148;76:68","95:0.0032118827846008557;76:0.004609102639568513","0.0103759765625","Yes"
"92","217.46677935132266","190.34828952093665","0.008056640625","0.003662109375","0.012451171875","1560","0.0008156858151088979","32","0.0008156858151088979","0","0.0008156858151088979","0.0008156858151088979","99:0.0023214413013235846;80:0.0016853209435516991","99:68;80:68","99:0.0025735091640457786;80:0.001494974015639472","0.008056640625","Yes"
"93","202.4646099786271","160.39102925686885","0.011962890625","0.009033203125","0.014892578125","1560","0.00017405142496370162","32","0.00017405142496370162","0","0.00017405142496370162","0.00017405142496370162","84:0.004837044597237383;103:0.002297866286440242","84:68;103:68","84:0.004405309735387469;103:0.002072510044054926","0.011962890625","Yes"
"94","251.73326432892298","252.6021134936729","0.0115966796875","0.0087890625","0.014404296875","1560","0.00018410356469195785","32","0.00018410356469195785","0","0.00018410356469195785","0.00018410356469195785","88:0.009851039868405048;107:0.002385150506257677","88:76;107:104","88:0.009904176459600567;107:0.003253797183198015","0.0115966796875","Yes"
"95","171.01822122539838","250.12872648579753","0.0213623046875","0.01611328125","0.026611328125","1560","0.00039092509426255867","32","0.00039092509426255867","0","0.00039092509426255867","0.00039092509426255867","91:0.003546669381641332;96:0.002461881252905501","91:148;96:68","91:0.0032118827846008557;96:0.0023683925552842044","0.0213623046875","Yes"
"96","130.6798936483685","98.87627580501663","0.013671875","0.016357421875","0.010986328125","1560","0.00024236822936933187","32","0.00024236822936933187","0","0.00024236822936933187","0.00024236822936933187","97:0.0024987306426837996;95:0.002461881252905501","97:68;95:68","97:0.002088540964796798;95:0.0023683925552842044","0.013671875","Yes"
"97","273.35383234218176","259.4459265498565","0.123046875","0.095703125","0.150390625","1560","0.00021359040593631258","32","0.00021359040593631258","0","0.00021359040593631258","0.00021359040593631258","96:0.0024987306426837996;110:0.0018531678241363037;98:0.0014237253735464583","96:68;110:88;98:68","96:0.002088540964796798;110:0.0012262320337975141;98:0.001794261561079924","0.123046875","Yes"
"98","221.9204677534444","99.89799832869673","0.0169677734375","0.0224609375","0.011474609375","1560","0.0001791111402196582","32","0.0001791111402196582","0","0.0001791111402196582","0.0001791111402196582","97:0.0014237253735464583;99:0.0013742432035436791","97:68;99:68","97:0.001794261561079924;99:0.0018229236165138996","0.0169677734375","Yes"
"99","194.26188259150956","121.09413286760159","0.0411376953125","0.04150390625","0.040771484375","1560","0.00025240707891995977","32","0.00025240707891995977","0","0.00025240707891995977","0.00025240707891995977","100:0.0022551189085139034;92:0.0023214413013235846;98:0.0013742432035436791","100:68;92:68;98:68","100:0.001993566358137605;92:0.0025735091640457786;98:0.0018229236165138996","0.0411376953125","Yes"
"100","215.94345116366512","176.3434521156894","0.0450439453125","0.023193359375","0.06689453125","1560","0.00019920582925638666","32","0.00019920582925638666","0","0.00019920582925638666","0.00019920582925638666","99:0.0022551189085139034;101:0.0022523413745865473","99:68;101:88","99:0.001993566358137605;101:0.0017632646158682597","0.0450439453125","Yes"
"101","191.0945674452663","100.59785223396874","0.0418701171875","0.04052734375","0.043212890625","1560","0.0002035719728346139","32","0.0002035719728346139","0","0.0002035719728346139","0.0002035719728346139","100:0.0022523413745865473;102:0.002099789880739361;111:0.0031341279066372796","100:88;102:68;111:108","100:0.0017632646158682597;102:0.0021994721107329585;111:0.0032173294005099773","0.0418701171875","Yes"
"102","196.1644454191565","40.820610331409526","0.01123046875","0.01123046875","0.01123046875","1560","0.0003562476137634901","32","0.0003562476137634901","0","0.0003562476137634901","0.0003562476137634901","101:0.002099789880739361;103:0.001880892043581911","101:68;103:68","101:0.0021994721107329585;103:0.001742053951097361","0.01123046875","Yes"
"103","266.8210437195956","85.86475228804612","0.0836181640625","0.087646484375","0.07958984375","1560","0.00024233418034043044","32","0.00024233418034043044","0","0.00024233418034043044","0.00024233418034043044","104:0.005336199783511769;93:0.002297866286440242;102:0.001880892043581911","104:68;93:68;102:68","104:0.005277118165838313;93:0.002072510044054926;102:0.001742053951097361","0.0836181640625","Yes"
"104","109.69788594923445","122.75753947715249","0.0291748046875","0.038330078125","0.02001953125","1560","0.0008675277991480694","32","0.0008675277991480694","0","0.0008675277991480694","0.0008675277991480694","103:0.005336199783511769;105:0.0056916363994224395","103:68;105:104","103:0.005277118165838313;105:0.005167432257395771","0.0291748046875","Yes"
"105","155.2372035529425","150.7952047548571","0.112548828125","0.134521484375","0.090576171875","1560","0.0010704164565892337","32","0.0010704164565892337","0","0.0010704164565892337","0.0010704164565892337","104:0.0056916363994224395;106:0.007592866413059424;112:0.00363843186986354","104:104;106:68;112:68","104:0.005167432257395771;106:0.004669173198585036;112:0.002962469134799195","0.112548828125","Yes"
"106","117.94915093954428","123.87478571661644","0.1185302734375","0.14404296875","0.093017578125","1560","0.0017238638900112437","32","0.0017238638900112437","0","0.0017238638900112437","0.0017238638900112437","107:0.006342033167954314;105:0.007592866413059424","107:68;105:68","107:0.004508378896639853;105:0.004669173198585036","0.1185302734375","Yes"
"107","208.85701985651036","198.59785827792552","0.02490234375","0.020263671875","0.029541015625","1560","0.0000981670574172739","32","0.0000981670574172739","0","0.0000981670574172739","0.0000981670574172739","106:0.006342033167954314;108:0.010423880485532805;94:0.002385150506257677","106:68;108:68;94:104","106:0.004508378896639853;108:0.008417918518252243;94:0.003253797183198015","0.02490234375","Yes"
"108","68.67167039883438","111.45720521163422","0.01611328125","0.0126953125","0.024658203125","1560","0.00039609004248152745","32","0.00039609004248152745","0","0.00039609004248152745","0.00039609004248152745","107:0.010423880485532805;109:0.0026407547582094903","107:68;109:68","107:0.008417918518252243;109:0.0024600891375997636","0.01611328125","Yes"
"109","185.02855453269888","265.7769265092399","0.0511474609375","0.03125","0.071044921875","1560","0.00041647245929522515","32","0.00041647245929522515","0","0.00041647245929522515","0.00041647245929522515","113:0.003204816495416568;108:0.0026407547582094903","113:68;108:68","113:0.0027106022783617845;108:0.0024600891375997636","0.0511474609375","Yes"
"110","235.47005467121144","188.4497327415099","0.0103759765625","0.010498046875","0.01025390625","1560","0.00021071253572795036","32","0.00021071253572795036","0","0.00021071253572795036","0.00021071253572795036","116:0.0013525995445807792;97:0.0018531678241363037","116:80;97:88","116:0.001655564481872096;97:0.0012262320337975141","0.0103759765625","Yes"
"111","213.78505726553797","103.79130765931063","0.0118408203125","0.007568359375","0.01611328125","1560","0.0002888516079181336","32","0.0002888516079181336","0","0.0002888516079181336","0.0002888516079181336","120:0.006751115581614675;101:0.0031341279066372796","120:128;101:108","120:0.007392665191468473;101:0.0032173294005099773","0.0118408203125","Yes"
"112","292.4644166761646","204.12873670873302","0.0133056640625","0.01123046875","0.015380859375","1560","0.00031687887874860566","32","0.00031687887874860566","0","0.00031687887874860566","0.00031687887874860566","124:0.0013949928318023608;105:0.00363843186986354","124:68;105:68","124:0.001651389881380888;105:0.002962469134799195","0.0133056640625","Yes"
"113","219.16858207111042","248.59862455591437","0.0386962890625","0.032958984375","0.04443359375","1560","0.0005412368839993445","32","0.0005412368839993445","0","0.0005412368839993445","0.0005412368839993445","109:0.003204816495416568;128:0.0017294542682353975","109:68;128:68","109:0.0027106022783617845;128:0.0018707215184055326","0.0386962890625","Yes"
"114","184.6653111295747","171.16957294779075","0.0924072265625","0.01416015625","0.170654296875","1560","0.0003807985039720135","32","0.0003807985039720135","0","0.0003807985039720135","0.0003807985039720135","129:0.0022620350683816293;115:0.0031855061721404176","129:68;115:104","129:0.0023672549359555484;115:0.0029377599386910813","0.0924072265625","Yes"
"115","106.81853102035089","130.81207055119697","0.1202392578125","0.09326171875","0.147216796875","1560","0.0008016984964295702","64","0.0008016984964295702","0","0.0008016984964295702","0.0008016984964295702","114:0.0031855061721404176;116:0.0030001840585712203","114:104;116:136","114:0.0029377599386910813;116:0.003167610987566405","0.1202392578125","Yes"
"116","262.57241526700517","162.90840346099858","0.065185546875","0.036865234375","0.093505859375","1560","0.0002687033864115803","32","0.0002687033864115803","0","0.0002687033864115803","0.0002687033864115803","110:0.0013525995445807792;115:0.0030001840585712203;117:0.051162042300013866","110:80;115:136;117:68","110:0.001655564481872096;115:0.003167610987566405;117:0.04565435898031617","0.065185546875","Yes"
"117","115.40746637132624","79.30530180520694","0.0087890625","0.0126953125","0.0048828125","1560","0.00025522302145975336","32","0.00025522302145975336","0","0.00025522302145975336","0.00025522302145975336","116:0.051162042300013866;118:0.030043398183394715","116:68;118:68","116:0.04565435898031617;118:0.013048460871395495","0.0087890625","Yes"
"118","186.79333018968782","169.11926290010922","0.1107177734375","0.0869140625","0.134521484375","1560","0.00047312172349451187","32","0.00047312172349451187","0","0.00047312172349451187","0.00047312172349451187","119:0.002851427493540809;130:0.0017969787427027095;117:0.030043398183394715","119:68;130:68;117:68","119:0.003038190124780571;130:0.002207934738103823;117:0.013048460871395495","0.1107177734375","Yes"
"119","188.2968177011573","57.92215666388464","0.01953125","0.01513671875","0.02392578125","1560","0.0006331547343287896","32","0.0006331547343287896","0","0.0006331547343287896","0.0006331547343287896","118:0.002851427493540809;120:0.003989269882698626","118:68;120:68","118:0.003038190124780571;120:0.004371901741537315","0.01953125","Yes"
"120","57.77718398945514","79.3406012175089","0.0228271484375","0.0263671875","0.019287109375","1560","0.0008760526586204537","32","0.0008760526586204537","0","0.0008760526586204537","0.0008760526586204537","119:0.003989269882698626;121:0.00407034270999973;111:0.006751115581614675","119:68;121:80;111:128","119:0.004371901741537315;121:0.004904960459615276;111:0.007392665191468473","0.0228271484375","Yes"
"121","213.424873660627","197.34321349758417","0.030517578125","0.02197265625","0.0390625","1560","0.0002832119971623203","32","0.0002832119971623203","0","0.0002832119971623203","0.0002832119971623203","120:0.00407034270999973;122:0.0026240729682439345","120:80;122:68","120:0.004904960459615276;122:0.002375969075110812","0.030517578125","Yes"
"122","189.90251663817824","139.2072655614788","0.080810546875","0.06982421875","0.091796875","1560","0.00023611625904633394","32","0.00023611625904633394","0","0.00023611625904633394","0.00023611625904633394","131:0.002668185806888934;121:0.0026240729682439345;123:0.009474543055182721","131:68;121:68;123:68","131:0.00295853921233849;121:0.002375969075110812;123:0.016820944598901377","0.080810546875","Yes"
"123","51.88970464321935","44.27741975848733","0.0218505859375","0.03955078125","0.004150390625","1560","0.0014954728967907333","32","0.0014954728967907333","0","0.0014954728967907333","0.0014954728967907333","124:0.01945714562618911;122:0.009474543055182721","124:68;122:68","124:0.016734178596386762;122:0.016820944598901377","0.0218505859375","Yes"
"124","205.6327830874851","107.11185815086868","0.115478515625","0.114990234375","0.115966796875","1560","0.0002611792894551052","32","0.0002611792894551052","0","0.0002611792894551052","0.0002611792894551052","112:0.0013949928318023608;123:0.01945714562618911;125:0.004734376257156669","112:68;123:68;125:108","112:0.001651389881380888;123:0.016734178596386762;125:0.003566531841472542","0.115478515625","Yes"
"125","61.93538505631045","59.799009712440444","0.01025390625","0.013671875","0.005126953125","1560","0.0004792413266330709","32","0.0004792413266330709","0","0.0004792413266330709","0.0004792413266330709","124:0.004734376257156669;126:0.0037701879760368706","124:108;126:68","124:0.003566531841472542;126:0.0021139825568269877","0.01025390625","Yes"
"126","157.7876848292993","145.96050481741943","0.09228515625","0.087890625","0.0966796875","1560","0.0002188889486781977","32","0.0002188889486781977","0","0.0002188889486781977","0.0002188889486781977","132:0.002099457571895169;127:0.003258568308161708;125:0.0037701879760368706","132:68;127:68;125:68","132:0.0017363115141888763;127:0.0025465809468661893;125:0.0021139825568269877","0.09228515625","Yes"
"127","244.51215496493606","127.78664119405549","0.1446533203125","0.129150390625","0.16015625","1560","0.00036506651360902666","32","0.00036506651360902666","0","0.00036506651360902666","0.00036506651360902666","126:0.003258568308161708;128:0.0018697385163714275","126:68;128:68","126:0.0025465809468661893;128:0.0020309150813053733","0.1446533203125","Yes"
"128","281.6615368237041","143.93412697535007","0.104248046875","0.110107421875","0.098388671875","1560","0.00014244561880197694","32","0.00014244561880197694","0","0.00014244561880197694","0.00014244561880197694","113:0.0017294542682353975;127:0.0018697385163714275","113:68;127:68","113:0.0018707215184055326;127:0.0020309150813053733","0.104248046875","Yes"
"129","252.50974413829184","136.09296860105854","0.0433349609375","0.035888671875","0.05078125","1560","0.0008370684974479997","32","0.0008370684974479997","0","0.0008370684974479997","0.0008370684974479997","114:0.0022620350683816293","114:68","114:0.0023672549359555484","0.0433349609375","Yes"
"130","283.8659788047917","251.6575528886652","0.0235595703125","0.015625","0.031494140625","1560","0.0004970625265363486","32","0.0004970625265363486","0","0.0004970625265363486","0.0004970625265363486","118:0.0017969787427027095","118:68","118:0.002207934738103823","0.0235595703125","Yes"
"131","262.50853298659297","55.6963421272044","0.0128173828125","0.006103515625","0.01953125","1560","0.00042280067949987523","32","0.00042280067949987523","0","0.00042280067949987523","0.00042280067949987523","122:0.002668185806888934","122:68","122:0.00295853921233849","0.0128173828125","Yes"
"132","204.57361240997346","168.40730848730942","0.0125732421875","0.010009765625","0.01513671875","1560","0.00018880520982080603","32","0.00018880520982080603","0","0.00018880520982080603","0.00018880520982080603","126:0.002099457571895169","126:68","126:0.0017363115141888763","0.0125732421875","Yes"